first watcher pid=2036947 lock=/tmp/hhe1805-basehome/state/.watch.lock.owner.giGCJL pid-file=2036947
cycle 2 FALSE-BLIND (lock /tmp/hhe1805-basehome/state/.watch.lock.owner.MSINrk held throughout):
●━━━━━━━━━━━━━━━━━━━━━━━━━━━━━━━━━━━━━━━━━━━━━━━━━━━━━━━━━━━━━━━━━━━━━━━
●  TURN WOULD END BLIND - SUPERVISION IS OFF
●  1 task(s) in flight, but no live watcher holds this home lock (last beat: 1s ago).
●  watcher supervision needs Stop-owned automatic recovery; inspect the hook registration and startup status before ending the turn.
●━━━━━━━━━━━━━━━━━━━━━━━━━━━━━━━━━━━━━━━━━━━━━━━━━━━━━━━━━━━━━━━━━━━━━━━
cycle 3 FALSE-BLIND (lock /tmp/hhe1805-basehome/state/.watch.lock.owner.MSINrk held throughout):
●━━━━━━━━━━━━━━━━━━━━━━━━━━━━━━━━━━━━━━━━━━━━━━━━━━━━━━━━━━━━━━━━━━━━━━━
●  TURN WOULD END BLIND - SUPERVISION IS OFF
●  1 task(s) in flight, but no live watcher holds this home lock (last beat: 3s ago).
●  watcher supervision needs Stop-owned automatic recovery; inspect the hook registration and startup status before ending the turn.
●━━━━━━━━━━━━━━━━━━━━━━━━━━━━━━━━━━━━━━━━━━━━━━━━━━━━━━━━━━━━━━━━━━━━━━━
cycle 4 FALSE-BLIND (lock /tmp/hhe1805-basehome/state/.watch.lock.owner.MSINrk held throughout):
●━━━━━━━━━━━━━━━━━━━━━━━━━━━━━━━━━━━━━━━━━━━━━━━━━━━━━━━━━━━━━━━━━━━━━━━
●  TURN WOULD END BLIND - SUPERVISION IS OFF
●  1 task(s) in flight, but no live watcher holds this home lock (last beat: 4s ago).
●  watcher supervision needs Stop-owned automatic recovery; inspect the hook registration and startup status before ending the turn.
●━━━━━━━━━━━━━━━━━━━━━━━━━━━━━━━━━━━━━━━━━━━━━━━━━━━━━━━━━━━━━━━━━━━━━━━
cycle 5 FALSE-BLIND (lock /tmp/hhe1805-basehome/state/.watch.lock.owner.MSINrk held throughout):
●━━━━━━━━━━━━━━━━━━━━━━━━━━━━━━━━━━━━━━━━━━━━━━━━━━━━━━━━━━━━━━━━━━━━━━━
●  TURN WOULD END BLIND - SUPERVISION IS OFF
●  1 task(s) in flight, but no live watcher holds this home lock (last beat: 5s ago).
●  watcher supervision needs Stop-owned automatic recovery; inspect the hook registration and startup status before ending the turn.
●━━━━━━━━━━━━━━━━━━━━━━━━━━━━━━━━━━━━━━━━━━━━━━━━━━━━━━━━━━━━━━━━━━━━━━━
cycle 6 FALSE-BLIND (lock /tmp/hhe1805-basehome/state/.watch.lock.owner.MSINrk held throughout):
●━━━━━━━━━━━━━━━━━━━━━━━━━━━━━━━━━━━━━━━━━━━━━━━━━━━━━━━━━━━━━━━━━━━━━━━
●  TURN WOULD END BLIND - SUPERVISION IS OFF
●  1 task(s) in flight, but no live watcher holds this home lock (last beat: 7s ago).
●  watcher supervision needs Stop-owned automatic recovery; inspect the hook registration and startup status before ending the turn.
●━━━━━━━━━━━━━━━━━━━━━━━━━━━━━━━━━━━━━━━━━━━━━━━━━━━━━━━━━━━━━━━━━━━━━━━
cycle 7 FALSE-BLIND (lock /tmp/hhe1805-basehome/state/.watch.lock.owner.MSINrk held throughout):
●━━━━━━━━━━━━━━━━━━━━━━━━━━━━━━━━━━━━━━━━━━━━━━━━━━━━━━━━━━━━━━━━━━━━━━━
●  TURN WOULD END BLIND - SUPERVISION IS OFF
●  1 task(s) in flight, but no live watcher holds this home lock (last beat: 8s ago).
●  watcher supervision needs Stop-owned automatic recovery; inspect the hook registration and startup status before ending the turn.
●━━━━━━━━━━━━━━━━━━━━━━━━━━━━━━━━━━━━━━━━━━━━━━━━━━━━━━━━━━━━━━━━━━━━━━━
cycle 8 FALSE-BLIND (lock /tmp/hhe1805-basehome/state/.watch.lock.owner.MSINrk held throughout):
●━━━━━━━━━━━━━━━━━━━━━━━━━━━━━━━━━━━━━━━━━━━━━━━━━━━━━━━━━━━━━━━━━━━━━━━
●  TURN WOULD END BLIND - SUPERVISION IS OFF
●  1 task(s) in flight, but no live watcher holds this home lock (last beat: 9s ago).
●  watcher supervision needs Stop-owned automatic recovery; inspect the hook registration and startup status before ending the turn.
●━━━━━━━━━━━━━━━━━━━━━━━━━━━━━━━━━━━━━━━━━━━━━━━━━━━━━━━━━━━━━━━━━━━━━━━
cycle 9 FALSE-BLIND (lock /tmp/hhe1805-basehome/state/.watch.lock.owner.MSINrk held throughout):
●━━━━━━━━━━━━━━━━━━━━━━━━━━━━━━━━━━━━━━━━━━━━━━━━━━━━━━━━━━━━━━━━━━━━━━━
●  TURN WOULD END BLIND - SUPERVISION IS OFF
●  1 task(s) in flight, but no live watcher holds this home lock (last beat: 10s ago).
●  watcher supervision needs Stop-owned automatic recovery; inspect the hook registration and startup status before ending the turn.
●━━━━━━━━━━━━━━━━━━━━━━━━━━━━━━━━━━━━━━━━━━━━━━━━━━━━━━━━━━━━━━━━━━━━━━━
cycle 10 FALSE-BLIND (lock /tmp/hhe1805-basehome/state/.watch.lock.owner.MSINrk held throughout):
●━━━━━━━━━━━━━━━━━━━━━━━━━━━━━━━━━━━━━━━━━━━━━━━━━━━━━━━━━━━━━━━━━━━━━━━
●  TURN WOULD END BLIND - SUPERVISION IS OFF
●  1 task(s) in flight, but no live watcher holds this home lock (last beat: 12s ago).
●  watcher supervision needs Stop-owned automatic recovery; inspect the hook registration and startup status before ending the turn.
●━━━━━━━━━━━━━━━━━━━━━━━━━━━━━━━━━━━━━━━━━━━━━━━━━━━━━━━━━━━━━━━━━━━━━━━
cycle 11 FALSE-BLIND (lock /tmp/hhe1805-basehome/state/.watch.lock.owner.MSINrk held throughout):
●━━━━━━━━━━━━━━━━━━━━━━━━━━━━━━━━━━━━━━━━━━━━━━━━━━━━━━━━━━━━━━━━━━━━━━━
●  TURN WOULD END BLIND - SUPERVISION IS OFF
●  1 task(s) in flight, but no live watcher holds this home lock (last beat: 13s ago).
●  watcher supervision needs Stop-owned automatic recovery; inspect the hook registration and startup status before ending the turn.
●━━━━━━━━━━━━━━━━━━━━━━━━━━━━━━━━━━━━━━━━━━━━━━━━━━━━━━━━━━━━━━━━━━━━━━━
cycle 12 FALSE-BLIND (lock /tmp/hhe1805-basehome/state/.watch.lock.owner.MSINrk held throughout):
●━━━━━━━━━━━━━━━━━━━━━━━━━━━━━━━━━━━━━━━━━━━━━━━━━━━━━━━━━━━━━━━━━━━━━━━
●  TURN WOULD END BLIND - SUPERVISION IS OFF
●  1 task(s) in flight, but no live watcher holds this home lock (last beat: 14s ago).
●  watcher supervision needs Stop-owned automatic recovery; inspect the hook registration and startup status before ending the turn.
●━━━━━━━━━━━━━━━━━━━━━━━━━━━━━━━━━━━━━━━━━━━━━━━━━━━━━━━━━━━━━━━━━━━━━━━
cycle 13 FALSE-BLIND (lock /tmp/hhe1805-basehome/state/.watch.lock.owner.MSINrk held throughout):
●━━━━━━━━━━━━━━━━━━━━━━━━━━━━━━━━━━━━━━━━━━━━━━━━━━━━━━━━━━━━━━━━━━━━━━━
●  TURN WOULD END BLIND - SUPERVISION IS OFF
●  1 task(s) in flight, but no live watcher holds this home lock (last beat: 15s ago).
●  watcher supervision needs Stop-owned automatic recovery; inspect the hook registration and startup status before ending the turn.
●━━━━━━━━━━━━━━━━━━━━━━━━━━━━━━━━━━━━━━━━━━━━━━━━━━━━━━━━━━━━━━━━━━━━━━━
cycle 14 FALSE-BLIND (lock /tmp/hhe1805-basehome/state/.watch.lock.owner.MSINrk held throughout):
●━━━━━━━━━━━━━━━━━━━━━━━━━━━━━━━━━━━━━━━━━━━━━━━━━━━━━━━━━━━━━━━━━━━━━━━
●  TURN WOULD END BLIND - SUPERVISION IS OFF
●  1 task(s) in flight, but no live watcher holds this home lock (last beat: 16s ago).
●  watcher supervision needs Stop-owned automatic recovery; inspect the hook registration and startup status before ending the turn.
●━━━━━━━━━━━━━━━━━━━━━━━━━━━━━━━━━━━━━━━━━━━━━━━━━━━━━━━━━━━━━━━━━━━━━━━
cycle 15 FALSE-BLIND (lock /tmp/hhe1805-basehome/state/.watch.lock.owner.MSINrk held throughout):
●━━━━━━━━━━━━━━━━━━━━━━━━━━━━━━━━━━━━━━━━━━━━━━━━━━━━━━━━━━━━━━━━━━━━━━━
●  TURN WOULD END BLIND - SUPERVISION IS OFF
●  1 task(s) in flight, but no live watcher holds this home lock (last beat: 18s ago).
●  watcher supervision needs Stop-owned automatic recovery; inspect the hook registration and startup status before ending the turn.
●━━━━━━━━━━━━━━━━━━━━━━━━━━━━━━━━━━━━━━━━━━━━━━━━━━━━━━━━━━━━━━━━━━━━━━━
cycle 16 FALSE-BLIND (lock /tmp/hhe1805-basehome/state/.watch.lock.owner.MSINrk held throughout):
●━━━━━━━━━━━━━━━━━━━━━━━━━━━━━━━━━━━━━━━━━━━━━━━━━━━━━━━━━━━━━━━━━━━━━━━
●  TURN WOULD END BLIND - SUPERVISION IS OFF
●  1 task(s) in flight, but no live watcher holds this home lock (last beat: 19s ago).
●  watcher supervision needs Stop-owned automatic recovery; inspect the hook registration and startup status before ending the turn.
●━━━━━━━━━━━━━━━━━━━━━━━━━━━━━━━━━━━━━━━━━━━━━━━━━━━━━━━━━━━━━━━━━━━━━━━
cycle 17 FALSE-BLIND (lock /tmp/hhe1805-basehome/state/.watch.lock.owner.MSINrk held throughout):
●━━━━━━━━━━━━━━━━━━━━━━━━━━━━━━━━━━━━━━━━━━━━━━━━━━━━━━━━━━━━━━━━━━━━━━━
●  TURN WOULD END BLIND - SUPERVISION IS OFF
●  1 task(s) in flight, but no live watcher holds this home lock (last beat: 20s ago).
●  watcher supervision needs Stop-owned automatic recovery; inspect the hook registration and startup status before ending the turn.
●━━━━━━━━━━━━━━━━━━━━━━━━━━━━━━━━━━━━━━━━━━━━━━━━━━━━━━━━━━━━━━━━━━━━━━━
cycle 18 FALSE-BLIND (lock /tmp/hhe1805-basehome/state/.watch.lock.owner.MSINrk held throughout):
●━━━━━━━━━━━━━━━━━━━━━━━━━━━━━━━━━━━━━━━━━━━━━━━━━━━━━━━━━━━━━━━━━━━━━━━
●  TURN WOULD END BLIND - SUPERVISION IS OFF
●  1 task(s) in flight, but no live watcher holds this home lock (last beat: 21s ago).
●  watcher supervision needs Stop-owned automatic recovery; inspect the hook registration and startup status before ending the turn.
●━━━━━━━━━━━━━━━━━━━━━━━━━━━━━━━━━━━━━━━━━━━━━━━━━━━━━━━━━━━━━━━━━━━━━━━
cycle 19 FALSE-BLIND (lock /tmp/hhe1805-basehome/state/.watch.lock.owner.MSINrk held throughout):
●━━━━━━━━━━━━━━━━━━━━━━━━━━━━━━━━━━━━━━━━━━━━━━━━━━━━━━━━━━━━━━━━━━━━━━━
●  TURN WOULD END BLIND - SUPERVISION IS OFF
●  1 task(s) in flight, but no live watcher holds this home lock (last beat: 22s ago).
●  watcher supervision needs Stop-owned automatic recovery; inspect the hook registration and startup status before ending the turn.
●━━━━━━━━━━━━━━━━━━━━━━━━━━━━━━━━━━━━━━━━━━━━━━━━━━━━━━━━━━━━━━━━━━━━━━━
cycle 20 FALSE-BLIND (lock /tmp/hhe1805-basehome/state/.watch.lock.owner.MSINrk held throughout):
●━━━━━━━━━━━━━━━━━━━━━━━━━━━━━━━━━━━━━━━━━━━━━━━━━━━━━━━━━━━━━━━━━━━━━━━
●  TURN WOULD END BLIND - SUPERVISION IS OFF
●  1 task(s) in flight, but no live watcher holds this home lock (last beat: 24s ago).
●  watcher supervision needs Stop-owned automatic recovery; inspect the hook registration and startup status before ending the turn.
●━━━━━━━━━━━━━━━━━━━━━━━━━━━━━━━━━━━━━━━━━━━━━━━━━━━━━━━━━━━━━━━━━━━━━━━
cycle 21 FALSE-BLIND (lock /tmp/hhe1805-basehome/state/.watch.lock.owner.MSINrk held throughout):
●━━━━━━━━━━━━━━━━━━━━━━━━━━━━━━━━━━━━━━━━━━━━━━━━━━━━━━━━━━━━━━━━━━━━━━━
●  TURN WOULD END BLIND - SUPERVISION IS OFF
●  1 task(s) in flight, but no live watcher holds this home lock (last beat: 25s ago).
●  watcher supervision needs Stop-owned automatic recovery; inspect the hook registration and startup status before ending the turn.
●━━━━━━━━━━━━━━━━━━━━━━━━━━━━━━━━━━━━━━━━━━━━━━━━━━━━━━━━━━━━━━━━━━━━━━━
cycle 22 FALSE-BLIND (lock /tmp/hhe1805-basehome/state/.watch.lock.owner.MSINrk held throughout):
●━━━━━━━━━━━━━━━━━━━━━━━━━━━━━━━━━━━━━━━━━━━━━━━━━━━━━━━━━━━━━━━━━━━━━━━
●  TURN WOULD END BLIND - SUPERVISION IS OFF
●  1 task(s) in flight, but no live watcher holds this home lock (last beat: 26s ago).
●  watcher supervision needs Stop-owned automatic recovery; inspect the hook registration and startup status before ending the turn.
●━━━━━━━━━━━━━━━━━━━━━━━━━━━━━━━━━━━━━━━━━━━━━━━━━━━━━━━━━━━━━━━━━━━━━━━
cycle 23 FALSE-BLIND (lock /tmp/hhe1805-basehome/state/.watch.lock.owner.MSINrk held throughout):
●━━━━━━━━━━━━━━━━━━━━━━━━━━━━━━━━━━━━━━━━━━━━━━━━━━━━━━━━━━━━━━━━━━━━━━━
●  TURN WOULD END BLIND - SUPERVISION IS OFF
●  1 task(s) in flight, but no live watcher holds this home lock (last beat: 27s ago).
●  watcher supervision needs Stop-owned automatic recovery; inspect the hook registration and startup status before ending the turn.
●━━━━━━━━━━━━━━━━━━━━━━━━━━━━━━━━━━━━━━━━━━━━━━━━━━━━━━━━━━━━━━━━━━━━━━━
cycle 24 FALSE-BLIND (lock /tmp/hhe1805-basehome/state/.watch.lock.owner.MSINrk held throughout):
●━━━━━━━━━━━━━━━━━━━━━━━━━━━━━━━━━━━━━━━━━━━━━━━━━━━━━━━━━━━━━━━━━━━━━━━
●  TURN WOULD END BLIND - SUPERVISION IS OFF
●  1 task(s) in flight, but no live watcher holds this home lock (last beat: 28s ago).
●  watcher supervision needs Stop-owned automatic recovery; inspect the hook registration and startup status before ending the turn.
●━━━━━━━━━━━━━━━━━━━━━━━━━━━━━━━━━━━━━━━━━━━━━━━━━━━━━━━━━━━━━━━━━━━━━━━
cycle 25 FALSE-BLIND (lock /tmp/hhe1805-basehome/state/.watch.lock.owner.MSINrk held throughout):
●━━━━━━━━━━━━━━━━━━━━━━━━━━━━━━━━━━━━━━━━━━━━━━━━━━━━━━━━━━━━━━━━━━━━━━━
●  TURN WOULD END BLIND - SUPERVISION IS OFF
●  1 task(s) in flight, but no live watcher holds this home lock (last beat: 29s ago).
●  watcher supervision needs Stop-owned automatic recovery; inspect the hook registration and startup status before ending the turn.
●━━━━━━━━━━━━━━━━━━━━━━━━━━━━━━━━━━━━━━━━━━━━━━━━━━━━━━━━━━━━━━━━━━━━━━━
cycle 26 FALSE-BLIND (lock /tmp/hhe1805-basehome/state/.watch.lock.owner.MSINrk held throughout):
●━━━━━━━━━━━━━━━━━━━━━━━━━━━━━━━━━━━━━━━━━━━━━━━━━━━━━━━━━━━━━━━━━━━━━━━
●  TURN WOULD END BLIND - SUPERVISION IS OFF
●  1 task(s) in flight, but no live watcher holds this home lock (last beat: 31s ago).
●  watcher supervision needs Stop-owned automatic recovery; inspect the hook registration and startup status before ending the turn.
●━━━━━━━━━━━━━━━━━━━━━━━━━━━━━━━━━━━━━━━━━━━━━━━━━━━━━━━━━━━━━━━━━━━━━━━
cycle 27 FALSE-BLIND (lock /tmp/hhe1805-basehome/state/.watch.lock.owner.MSINrk held throughout):
●━━━━━━━━━━━━━━━━━━━━━━━━━━━━━━━━━━━━━━━━━━━━━━━━━━━━━━━━━━━━━━━━━━━━━━━
●  TURN WOULD END BLIND - SUPERVISION IS OFF
●  1 task(s) in flight, but no live watcher holds this home lock (last beat: 32s ago).
●  watcher supervision needs Stop-owned automatic recovery; inspect the hook registration and startup status before ending the turn.
●━━━━━━━━━━━━━━━━━━━━━━━━━━━━━━━━━━━━━━━━━━━━━━━━━━━━━━━━━━━━━━━━━━━━━━━
cycle 28 FALSE-BLIND (lock /tmp/hhe1805-basehome/state/.watch.lock.owner.MSINrk held throughout):
●━━━━━━━━━━━━━━━━━━━━━━━━━━━━━━━━━━━━━━━━━━━━━━━━━━━━━━━━━━━━━━━━━━━━━━━
●  TURN WOULD END BLIND - SUPERVISION IS OFF
●  1 task(s) in flight, but no live watcher holds this home lock (last beat: 33s ago).
●  watcher supervision needs Stop-owned automatic recovery; inspect the hook registration and startup status before ending the turn.
●━━━━━━━━━━━━━━━━━━━━━━━━━━━━━━━━━━━━━━━━━━━━━━━━━━━━━━━━━━━━━━━━━━━━━━━
cycle 29 FALSE-BLIND (lock /tmp/hhe1805-basehome/state/.watch.lock.owner.MSINrk held throughout):
●━━━━━━━━━━━━━━━━━━━━━━━━━━━━━━━━━━━━━━━━━━━━━━━━━━━━━━━━━━━━━━━━━━━━━━━
●  TURN WOULD END BLIND - SUPERVISION IS OFF
●  1 task(s) in flight, but no live watcher holds this home lock (last beat: 34s ago).
●  watcher supervision needs Stop-owned automatic recovery; inspect the hook registration and startup status before ending the turn.
●━━━━━━━━━━━━━━━━━━━━━━━━━━━━━━━━━━━━━━━━━━━━━━━━━━━━━━━━━━━━━━━━━━━━━━━
cycle 30 FALSE-BLIND (lock /tmp/hhe1805-basehome/state/.watch.lock.owner.MSINrk held throughout):
●━━━━━━━━━━━━━━━━━━━━━━━━━━━━━━━━━━━━━━━━━━━━━━━━━━━━━━━━━━━━━━━━━━━━━━━
●  TURN WOULD END BLIND - SUPERVISION IS OFF
●  1 task(s) in flight, but no live watcher holds this home lock (last beat: 36s ago).
●  watcher supervision needs Stop-owned automatic recovery; inspect the hook registration and startup status before ending the turn.
●━━━━━━━━━━━━━━━━━━━━━━━━━━━━━━━━━━━━━━━━━━━━━━━━━━━━━━━━━━━━━━━━━━━━━━━
cycle 31 FALSE-BLIND (lock /tmp/hhe1805-basehome/state/.watch.lock.owner.MSINrk held throughout):
●━━━━━━━━━━━━━━━━━━━━━━━━━━━━━━━━━━━━━━━━━━━━━━━━━━━━━━━━━━━━━━━━━━━━━━━
●  TURN WOULD END BLIND - SUPERVISION IS OFF
●  1 task(s) in flight, but no live watcher holds this home lock (last beat: 37s ago).
●  watcher supervision needs Stop-owned automatic recovery; inspect the hook registration and startup status before ending the turn.
●━━━━━━━━━━━━━━━━━━━━━━━━━━━━━━━━━━━━━━━━━━━━━━━━━━━━━━━━━━━━━━━━━━━━━━━
cycle 32 FALSE-BLIND (lock /tmp/hhe1805-basehome/state/.watch.lock.owner.MSINrk held throughout):
●━━━━━━━━━━━━━━━━━━━━━━━━━━━━━━━━━━━━━━━━━━━━━━━━━━━━━━━━━━━━━━━━━━━━━━━
●  TURN WOULD END BLIND - SUPERVISION IS OFF
●  1 task(s) in flight, but no live watcher holds this home lock (last beat: 38s ago).
●  watcher supervision needs Stop-owned automatic recovery; inspect the hook registration and startup status before ending the turn.
●━━━━━━━━━━━━━━━━━━━━━━━━━━━━━━━━━━━━━━━━━━━━━━━━━━━━━━━━━━━━━━━━━━━━━━━
cycle 33 FALSE-BLIND (lock /tmp/hhe1805-basehome/state/.watch.lock.owner.MSINrk held throughout):
●━━━━━━━━━━━━━━━━━━━━━━━━━━━━━━━━━━━━━━━━━━━━━━━━━━━━━━━━━━━━━━━━━━━━━━━
●  TURN WOULD END BLIND - SUPERVISION IS OFF
●  1 task(s) in flight, but no live watcher holds this home lock (last beat: 39s ago).
●  watcher supervision needs Stop-owned automatic recovery; inspect the hook registration and startup status before ending the turn.
●━━━━━━━━━━━━━━━━━━━━━━━━━━━━━━━━━━━━━━━━━━━━━━━━━━━━━━━━━━━━━━━━━━━━━━━
cycle 34 FALSE-BLIND (lock /tmp/hhe1805-basehome/state/.watch.lock.owner.MSINrk held throughout):
●━━━━━━━━━━━━━━━━━━━━━━━━━━━━━━━━━━━━━━━━━━━━━━━━━━━━━━━━━━━━━━━━━━━━━━━
●  TURN WOULD END BLIND - SUPERVISION IS OFF
●  1 task(s) in flight, but no live watcher holds this home lock (last beat: 40s ago).
●  watcher supervision needs Stop-owned automatic recovery; inspect the hook registration and startup status before ending the turn.
●━━━━━━━━━━━━━━━━━━━━━━━━━━━━━━━━━━━━━━━━━━━━━━━━━━━━━━━━━━━━━━━━━━━━━━━
cycle 35 FALSE-BLIND (lock /tmp/hhe1805-basehome/state/.watch.lock.owner.MSINrk held throughout):
●━━━━━━━━━━━━━━━━━━━━━━━━━━━━━━━━━━━━━━━━━━━━━━━━━━━━━━━━━━━━━━━━━━━━━━━
●  TURN WOULD END BLIND - SUPERVISION IS OFF
●  1 task(s) in flight, but no live watcher holds this home lock (last beat: 41s ago).
●  watcher supervision needs Stop-owned automatic recovery; inspect the hook registration and startup status before ending the turn.
●━━━━━━━━━━━━━━━━━━━━━━━━━━━━━━━━━━━━━━━━━━━━━━━━━━━━━━━━━━━━━━━━━━━━━━━
cycle 36 FALSE-BLIND (lock /tmp/hhe1805-basehome/state/.watch.lock.owner.MSINrk held throughout):
●━━━━━━━━━━━━━━━━━━━━━━━━━━━━━━━━━━━━━━━━━━━━━━━━━━━━━━━━━━━━━━━━━━━━━━━
●  TURN WOULD END BLIND - SUPERVISION IS OFF
●  1 task(s) in flight, but no live watcher holds this home lock (last beat: 43s ago).
●  watcher supervision needs Stop-owned automatic recovery; inspect the hook registration and startup status before ending the turn.
●━━━━━━━━━━━━━━━━━━━━━━━━━━━━━━━━━━━━━━━━━━━━━━━━━━━━━━━━━━━━━━━━━━━━━━━
cycle 37 FALSE-BLIND (lock /tmp/hhe1805-basehome/state/.watch.lock.owner.MSINrk held throughout):
●━━━━━━━━━━━━━━━━━━━━━━━━━━━━━━━━━━━━━━━━━━━━━━━━━━━━━━━━━━━━━━━━━━━━━━━
●  TURN WOULD END BLIND - SUPERVISION IS OFF
●  1 task(s) in flight, but no live watcher holds this home lock (last beat: 44s ago).
●  watcher supervision needs Stop-owned automatic recovery; inspect the hook registration and startup status before ending the turn.
●━━━━━━━━━━━━━━━━━━━━━━━━━━━━━━━━━━━━━━━━━━━━━━━━━━━━━━━━━━━━━━━━━━━━━━━
cycle 38 FALSE-BLIND (lock /tmp/hhe1805-basehome/state/.watch.lock.owner.MSINrk held throughout):
●━━━━━━━━━━━━━━━━━━━━━━━━━━━━━━━━━━━━━━━━━━━━━━━━━━━━━━━━━━━━━━━━━━━━━━━
●  TURN WOULD END BLIND - SUPERVISION IS OFF
●  1 task(s) in flight, but no live watcher holds this home lock (last beat: 45s ago).
●  watcher supervision needs Stop-owned automatic recovery; inspect the hook registration and startup status before ending the turn.
●━━━━━━━━━━━━━━━━━━━━━━━━━━━━━━━━━━━━━━━━━━━━━━━━━━━━━━━━━━━━━━━━━━━━━━━
cycle 39 FALSE-BLIND (lock /tmp/hhe1805-basehome/state/.watch.lock.owner.MSINrk held throughout):
●━━━━━━━━━━━━━━━━━━━━━━━━━━━━━━━━━━━━━━━━━━━━━━━━━━━━━━━━━━━━━━━━━━━━━━━
●  TURN WOULD END BLIND - SUPERVISION IS OFF
●  1 task(s) in flight, but no live watcher holds this home lock (last beat: 46s ago).
●  watcher supervision needs Stop-owned automatic recovery; inspect the hook registration and startup status before ending the turn.
●━━━━━━━━━━━━━━━━━━━━━━━━━━━━━━━━━━━━━━━━━━━━━━━━━━━━━━━━━━━━━━━━━━━━━━━
cycle 40 FALSE-BLIND (lock /tmp/hhe1805-basehome/state/.watch.lock.owner.MSINrk held throughout):
●━━━━━━━━━━━━━━━━━━━━━━━━━━━━━━━━━━━━━━━━━━━━━━━━━━━━━━━━━━━━━━━━━━━━━━━
●  TURN WOULD END BLIND - SUPERVISION IS OFF
●  1 task(s) in flight, but no live watcher holds this home lock (last beat: 48s ago).
●  watcher supervision needs Stop-owned automatic recovery; inspect the hook registration and startup status before ending the turn.
●━━━━━━━━━━━━━━━━━━━━━━━━━━━━━━━━━━━━━━━━━━━━━━━━━━━━━━━━━━━━━━━━━━━━━━━
cycle 41 FALSE-BLIND (lock /tmp/hhe1805-basehome/state/.watch.lock.owner.MSINrk held throughout):
●━━━━━━━━━━━━━━━━━━━━━━━━━━━━━━━━━━━━━━━━━━━━━━━━━━━━━━━━━━━━━━━━━━━━━━━
●  TURN WOULD END BLIND - SUPERVISION IS OFF
●  1 task(s) in flight, but no live watcher holds this home lock (last beat: 49s ago).
●  watcher supervision needs Stop-owned automatic recovery; inspect the hook registration and startup status before ending the turn.
●━━━━━━━━━━━━━━━━━━━━━━━━━━━━━━━━━━━━━━━━━━━━━━━━━━━━━━━━━━━━━━━━━━━━━━━
cycle 42 FALSE-BLIND (lock /tmp/hhe1805-basehome/state/.watch.lock.owner.MSINrk held throughout):
●━━━━━━━━━━━━━━━━━━━━━━━━━━━━━━━━━━━━━━━━━━━━━━━━━━━━━━━━━━━━━━━━━━━━━━━
●  TURN WOULD END BLIND - SUPERVISION IS OFF
●  1 task(s) in flight, but no live watcher holds this home lock (last beat: 50s ago).
●  watcher supervision needs Stop-owned automatic recovery; inspect the hook registration and startup status before ending the turn.
●━━━━━━━━━━━━━━━━━━━━━━━━━━━━━━━━━━━━━━━━━━━━━━━━━━━━━━━━━━━━━━━━━━━━━━━
cycle 43 FALSE-BLIND (lock /tmp/hhe1805-basehome/state/.watch.lock.owner.MSINrk held throughout):
●━━━━━━━━━━━━━━━━━━━━━━━━━━━━━━━━━━━━━━━━━━━━━━━━━━━━━━━━━━━━━━━━━━━━━━━
●  TURN WOULD END BLIND - SUPERVISION IS OFF
●  1 task(s) in flight, but no live watcher holds this home lock (last beat: 51s ago).
●  watcher supervision needs Stop-owned automatic recovery; inspect the hook registration and startup status before ending the turn.
●━━━━━━━━━━━━━━━━━━━━━━━━━━━━━━━━━━━━━━━━━━━━━━━━━━━━━━━━━━━━━━━━━━━━━━━
cycle 44 FALSE-BLIND (lock /tmp/hhe1805-basehome/state/.watch.lock.owner.MSINrk held throughout):
●━━━━━━━━━━━━━━━━━━━━━━━━━━━━━━━━━━━━━━━━━━━━━━━━━━━━━━━━━━━━━━━━━━━━━━━
●  TURN WOULD END BLIND - SUPERVISION IS OFF
●  1 task(s) in flight, but no live watcher holds this home lock (last beat: 53s ago).
●  watcher supervision needs Stop-owned automatic recovery; inspect the hook registration and startup status before ending the turn.
●━━━━━━━━━━━━━━━━━━━━━━━━━━━━━━━━━━━━━━━━━━━━━━━━━━━━━━━━━━━━━━━━━━━━━━━
cycle 45 FALSE-BLIND (lock /tmp/hhe1805-basehome/state/.watch.lock.owner.MSINrk held throughout):
●━━━━━━━━━━━━━━━━━━━━━━━━━━━━━━━━━━━━━━━━━━━━━━━━━━━━━━━━━━━━━━━━━━━━━━━
●  TURN WOULD END BLIND - SUPERVISION IS OFF
●  1 task(s) in flight, but no live watcher holds this home lock (last beat: 54s ago).
●  watcher supervision needs Stop-owned automatic recovery; inspect the hook registration and startup status before ending the turn.
●━━━━━━━━━━━━━━━━━━━━━━━━━━━━━━━━━━━━━━━━━━━━━━━━━━━━━━━━━━━━━━━━━━━━━━━
cycle 46 FALSE-BLIND (lock /tmp/hhe1805-basehome/state/.watch.lock.owner.MSINrk held throughout):
●━━━━━━━━━━━━━━━━━━━━━━━━━━━━━━━━━━━━━━━━━━━━━━━━━━━━━━━━━━━━━━━━━━━━━━━
●  TURN WOULD END BLIND - SUPERVISION IS OFF
●  1 task(s) in flight, but no live watcher holds this home lock (last beat: 55s ago).
●  watcher supervision needs Stop-owned automatic recovery; inspect the hook registration and startup status before ending the turn.
●━━━━━━━━━━━━━━━━━━━━━━━━━━━━━━━━━━━━━━━━━━━━━━━━━━━━━━━━━━━━━━━━━━━━━━━
cycle 47 FALSE-BLIND (lock /tmp/hhe1805-basehome/state/.watch.lock.owner.MSINrk held throughout):
●━━━━━━━━━━━━━━━━━━━━━━━━━━━━━━━━━━━━━━━━━━━━━━━━━━━━━━━━━━━━━━━━━━━━━━━
●  TURN WOULD END BLIND - SUPERVISION IS OFF
●  1 task(s) in flight, but no live watcher holds this home lock (last beat: 56s ago).
●  watcher supervision needs Stop-owned automatic recovery; inspect the hook registration and startup status before ending the turn.
●━━━━━━━━━━━━━━━━━━━━━━━━━━━━━━━━━━━━━━━━━━━━━━━━━━━━━━━━━━━━━━━━━━━━━━━
cycle 48 FALSE-BLIND (lock /tmp/hhe1805-basehome/state/.watch.lock.owner.MSINrk held throughout):
●━━━━━━━━━━━━━━━━━━━━━━━━━━━━━━━━━━━━━━━━━━━━━━━━━━━━━━━━━━━━━━━━━━━━━━━
●  TURN WOULD END BLIND - SUPERVISION IS OFF
●  1 task(s) in flight, but no live watcher holds this home lock (last beat: 57s ago).
●  watcher supervision needs Stop-owned automatic recovery; inspect the hook registration and startup status before ending the turn.
●━━━━━━━━━━━━━━━━━━━━━━━━━━━━━━━━━━━━━━━━━━━━━━━━━━━━━━━━━━━━━━━━━━━━━━━
cycle 49 FALSE-BLIND (lock /tmp/hhe1805-basehome/state/.watch.lock.owner.MSINrk held throughout):
●━━━━━━━━━━━━━━━━━━━━━━━━━━━━━━━━━━━━━━━━━━━━━━━━━━━━━━━━━━━━━━━━━━━━━━━
●  TURN WOULD END BLIND - SUPERVISION IS OFF
●  1 task(s) in flight, but no live watcher holds this home lock (last beat: 59s ago).
●  watcher supervision needs Stop-owned automatic recovery; inspect the hook registration and startup status before ending the turn.
●━━━━━━━━━━━━━━━━━━━━━━━━━━━━━━━━━━━━━━━━━━━━━━━━━━━━━━━━━━━━━━━━━━━━━━━
cycle 50 FALSE-BLIND (lock /tmp/hhe1805-basehome/state/.watch.lock.owner.MSINrk held throughout):
●━━━━━━━━━━━━━━━━━━━━━━━━━━━━━━━━━━━━━━━━━━━━━━━━━━━━━━━━━━━━━━━━━━━━━━━
●  TURN WOULD END BLIND - SUPERVISION IS OFF
●  1 task(s) in flight, but no live watcher holds this home lock (last beat: 60s ago).
●  watcher supervision needs Stop-owned automatic recovery; inspect the hook registration and startup status before ending the turn.
●━━━━━━━━━━━━━━━━━━━━━━━━━━━━━━━━━━━━━━━━━━━━━━━━━━━━━━━━━━━━━━━━━━━━━━━
cycle 51 FALSE-BLIND (lock /tmp/hhe1805-basehome/state/.watch.lock.owner.MSINrk held throughout):
●━━━━━━━━━━━━━━━━━━━━━━━━━━━━━━━━━━━━━━━━━━━━━━━━━━━━━━━━━━━━━━━━━━━━━━━
●  TURN WOULD END BLIND - SUPERVISION IS OFF
●  1 task(s) in flight, but no live watcher holds this home lock (last beat: 61s ago).
●  watcher supervision needs Stop-owned automatic recovery; inspect the hook registration and startup status before ending the turn.
●━━━━━━━━━━━━━━━━━━━━━━━━━━━━━━━━━━━━━━━━━━━━━━━━━━━━━━━━━━━━━━━━━━━━━━━
cycle 52 FALSE-BLIND (lock /tmp/hhe1805-basehome/state/.watch.lock.owner.MSINrk held throughout):
●━━━━━━━━━━━━━━━━━━━━━━━━━━━━━━━━━━━━━━━━━━━━━━━━━━━━━━━━━━━━━━━━━━━━━━━
●  TURN WOULD END BLIND - SUPERVISION IS OFF
●  1 task(s) in flight, but no live watcher holds this home lock (last beat: 62s ago).
●  watcher supervision needs Stop-owned automatic recovery; inspect the hook registration and startup status before ending the turn.
●━━━━━━━━━━━━━━━━━━━━━━━━━━━━━━━━━━━━━━━━━━━━━━━━━━━━━━━━━━━━━━━━━━━━━━━
cycle 53 FALSE-BLIND (lock /tmp/hhe1805-basehome/state/.watch.lock.owner.MSINrk held throughout):
●━━━━━━━━━━━━━━━━━━━━━━━━━━━━━━━━━━━━━━━━━━━━━━━━━━━━━━━━━━━━━━━━━━━━━━━
●  TURN WOULD END BLIND - SUPERVISION IS OFF
●  1 task(s) in flight, but no live watcher holds this home lock (last beat: 64s ago).
●  watcher supervision needs Stop-owned automatic recovery; inspect the hook registration and startup status before ending the turn.
●━━━━━━━━━━━━━━━━━━━━━━━━━━━━━━━━━━━━━━━━━━━━━━━━━━━━━━━━━━━━━━━━━━━━━━━
cycle 54 FALSE-BLIND (lock /tmp/hhe1805-basehome/state/.watch.lock.owner.MSINrk held throughout):
●━━━━━━━━━━━━━━━━━━━━━━━━━━━━━━━━━━━━━━━━━━━━━━━━━━━━━━━━━━━━━━━━━━━━━━━
●  TURN WOULD END BLIND - SUPERVISION IS OFF
●  1 task(s) in flight, but no live watcher holds this home lock (last beat: 65s ago).
●  watcher supervision needs Stop-owned automatic recovery; inspect the hook registration and startup status before ending the turn.
●━━━━━━━━━━━━━━━━━━━━━━━━━━━━━━━━━━━━━━━━━━━━━━━━━━━━━━━━━━━━━━━━━━━━━━━
cycle 55 FALSE-BLIND (lock /tmp/hhe1805-basehome/state/.watch.lock.owner.MSINrk held throughout):
●━━━━━━━━━━━━━━━━━━━━━━━━━━━━━━━━━━━━━━━━━━━━━━━━━━━━━━━━━━━━━━━━━━━━━━━
●  TURN WOULD END BLIND - SUPERVISION IS OFF
●  1 task(s) in flight, but no live watcher holds this home lock (last beat: 66s ago).
●  watcher supervision needs Stop-owned automatic recovery; inspect the hook registration and startup status before ending the turn.
●━━━━━━━━━━━━━━━━━━━━━━━━━━━━━━━━━━━━━━━━━━━━━━━━━━━━━━━━━━━━━━━━━━━━━━━
cycle 56 FALSE-BLIND (lock /tmp/hhe1805-basehome/state/.watch.lock.owner.MSINrk held throughout):
●━━━━━━━━━━━━━━━━━━━━━━━━━━━━━━━━━━━━━━━━━━━━━━━━━━━━━━━━━━━━━━━━━━━━━━━
●  TURN WOULD END BLIND - SUPERVISION IS OFF
●  1 task(s) in flight, but no live watcher holds this home lock (last beat: 68s ago).
●  watcher supervision needs Stop-owned automatic recovery; inspect the hook registration and startup status before ending the turn.
●━━━━━━━━━━━━━━━━━━━━━━━━━━━━━━━━━━━━━━━━━━━━━━━━━━━━━━━━━━━━━━━━━━━━━━━
cycle 57 FALSE-BLIND (lock /tmp/hhe1805-basehome/state/.watch.lock.owner.MSINrk held throughout):
●━━━━━━━━━━━━━━━━━━━━━━━━━━━━━━━━━━━━━━━━━━━━━━━━━━━━━━━━━━━━━━━━━━━━━━━
●  TURN WOULD END BLIND - SUPERVISION IS OFF
●  1 task(s) in flight, but no live watcher holds this home lock (last beat: 69s ago).
●  watcher supervision needs Stop-owned automatic recovery; inspect the hook registration and startup status before ending the turn.
●━━━━━━━━━━━━━━━━━━━━━━━━━━━━━━━━━━━━━━━━━━━━━━━━━━━━━━━━━━━━━━━━━━━━━━━
cycle 58 FALSE-BLIND (lock /tmp/hhe1805-basehome/state/.watch.lock.owner.MSINrk held throughout):
●━━━━━━━━━━━━━━━━━━━━━━━━━━━━━━━━━━━━━━━━━━━━━━━━━━━━━━━━━━━━━━━━━━━━━━━
●  TURN WOULD END BLIND - SUPERVISION IS OFF
●  1 task(s) in flight, but no live watcher holds this home lock (last beat: 70s ago).
●  watcher supervision needs Stop-owned automatic recovery; inspect the hook registration and startup status before ending the turn.
●━━━━━━━━━━━━━━━━━━━━━━━━━━━━━━━━━━━━━━━━━━━━━━━━━━━━━━━━━━━━━━━━━━━━━━━
cycle 59 FALSE-BLIND (lock /tmp/hhe1805-basehome/state/.watch.lock.owner.MSINrk held throughout):
●━━━━━━━━━━━━━━━━━━━━━━━━━━━━━━━━━━━━━━━━━━━━━━━━━━━━━━━━━━━━━━━━━━━━━━━
●  TURN WOULD END BLIND - SUPERVISION IS OFF
●  1 task(s) in flight, but no live watcher holds this home lock (last beat: 71s ago).
●  watcher supervision needs Stop-owned automatic recovery; inspect the hook registration and startup status before ending the turn.
●━━━━━━━━━━━━━━━━━━━━━━━━━━━━━━━━━━━━━━━━━━━━━━━━━━━━━━━━━━━━━━━━━━━━━━━
cycle 60 FALSE-BLIND (lock /tmp/hhe1805-basehome/state/.watch.lock.owner.MSINrk held throughout):
●━━━━━━━━━━━━━━━━━━━━━━━━━━━━━━━━━━━━━━━━━━━━━━━━━━━━━━━━━━━━━━━━━━━━━━━
●  TURN WOULD END BLIND - SUPERVISION IS OFF
●  1 task(s) in flight, but no live watcher holds this home lock (last beat: 73s ago).
●  watcher supervision needs Stop-owned automatic recovery; inspect the hook registration and startup status before ending the turn.
●━━━━━━━━━━━━━━━━━━━━━━━━━━━━━━━━━━━━━━━━━━━━━━━━━━━━━━━━━━━━━━━━━━━━━━━
cycle 61 FALSE-BLIND (lock /tmp/hhe1805-basehome/state/.watch.lock.owner.MSINrk held throughout):
●━━━━━━━━━━━━━━━━━━━━━━━━━━━━━━━━━━━━━━━━━━━━━━━━━━━━━━━━━━━━━━━━━━━━━━━
●  TURN WOULD END BLIND - SUPERVISION IS OFF
●  1 task(s) in flight, but no live watcher holds this home lock (last beat: 74s ago).
●  watcher supervision needs Stop-owned automatic recovery; inspect the hook registration and startup status before ending the turn.
●━━━━━━━━━━━━━━━━━━━━━━━━━━━━━━━━━━━━━━━━━━━━━━━━━━━━━━━━━━━━━━━━━━━━━━━
cycle 62 FALSE-BLIND (lock /tmp/hhe1805-basehome/state/.watch.lock.owner.MSINrk held throughout):
●━━━━━━━━━━━━━━━━━━━━━━━━━━━━━━━━━━━━━━━━━━━━━━━━━━━━━━━━━━━━━━━━━━━━━━━
●  TURN WOULD END BLIND - SUPERVISION IS OFF
●  1 task(s) in flight, but no live watcher holds this home lock (last beat: 75s ago).
●  watcher supervision needs Stop-owned automatic recovery; inspect the hook registration and startup status before ending the turn.
●━━━━━━━━━━━━━━━━━━━━━━━━━━━━━━━━━━━━━━━━━━━━━━━━━━━━━━━━━━━━━━━━━━━━━━━
cycle 63 FALSE-BLIND (lock /tmp/hhe1805-basehome/state/.watch.lock.owner.MSINrk held throughout):
●━━━━━━━━━━━━━━━━━━━━━━━━━━━━━━━━━━━━━━━━━━━━━━━━━━━━━━━━━━━━━━━━━━━━━━━
●  TURN WOULD END BLIND - SUPERVISION IS OFF
●  1 task(s) in flight, but no live watcher holds this home lock (last beat: 76s ago).
●  watcher supervision needs Stop-owned automatic recovery; inspect the hook registration and startup status before ending the turn.
●━━━━━━━━━━━━━━━━━━━━━━━━━━━━━━━━━━━━━━━━━━━━━━━━━━━━━━━━━━━━━━━━━━━━━━━
cycle 64 FALSE-BLIND (lock /tmp/hhe1805-basehome/state/.watch.lock.owner.MSINrk held throughout):
●━━━━━━━━━━━━━━━━━━━━━━━━━━━━━━━━━━━━━━━━━━━━━━━━━━━━━━━━━━━━━━━━━━━━━━━
●  TURN WOULD END BLIND - SUPERVISION IS OFF
●  1 task(s) in flight, but no live watcher holds this home lock (last beat: 78s ago).
●  watcher supervision needs Stop-owned automatic recovery; inspect the hook registration and startup status before ending the turn.
●━━━━━━━━━━━━━━━━━━━━━━━━━━━━━━━━━━━━━━━━━━━━━━━━━━━━━━━━━━━━━━━━━━━━━━━
cycle 65 FALSE-BLIND (lock /tmp/hhe1805-basehome/state/.watch.lock.owner.MSINrk held throughout):
●━━━━━━━━━━━━━━━━━━━━━━━━━━━━━━━━━━━━━━━━━━━━━━━━━━━━━━━━━━━━━━━━━━━━━━━
●  TURN WOULD END BLIND - SUPERVISION IS OFF
●  1 task(s) in flight, but no live watcher holds this home lock (last beat: 79s ago).
●  watcher supervision needs Stop-owned automatic recovery; inspect the hook registration and startup status before ending the turn.
●━━━━━━━━━━━━━━━━━━━━━━━━━━━━━━━━━━━━━━━━━━━━━━━━━━━━━━━━━━━━━━━━━━━━━━━
cycle 66 FALSE-BLIND (lock /tmp/hhe1805-basehome/state/.watch.lock.owner.MSINrk held throughout):
●━━━━━━━━━━━━━━━━━━━━━━━━━━━━━━━━━━━━━━━━━━━━━━━━━━━━━━━━━━━━━━━━━━━━━━━
●  TURN WOULD END BLIND - SUPERVISION IS OFF
●  1 task(s) in flight, but no live watcher holds this home lock (last beat: 80s ago).
●  watcher supervision needs Stop-owned automatic recovery; inspect the hook registration and startup status before ending the turn.
●━━━━━━━━━━━━━━━━━━━━━━━━━━━━━━━━━━━━━━━━━━━━━━━━━━━━━━━━━━━━━━━━━━━━━━━
cycle 67 FALSE-BLIND (lock /tmp/hhe1805-basehome/state/.watch.lock.owner.MSINrk held throughout):
●━━━━━━━━━━━━━━━━━━━━━━━━━━━━━━━━━━━━━━━━━━━━━━━━━━━━━━━━━━━━━━━━━━━━━━━
●  TURN WOULD END BLIND - SUPERVISION IS OFF
●  1 task(s) in flight, but no live watcher holds this home lock (last beat: 81s ago).
●  watcher supervision needs Stop-owned automatic recovery; inspect the hook registration and startup status before ending the turn.
●━━━━━━━━━━━━━━━━━━━━━━━━━━━━━━━━━━━━━━━━━━━━━━━━━━━━━━━━━━━━━━━━━━━━━━━
cycle 68 FALSE-BLIND (lock /tmp/hhe1805-basehome/state/.watch.lock.owner.MSINrk held throughout):
●━━━━━━━━━━━━━━━━━━━━━━━━━━━━━━━━━━━━━━━━━━━━━━━━━━━━━━━━━━━━━━━━━━━━━━━
●  TURN WOULD END BLIND - SUPERVISION IS OFF
●  1 task(s) in flight, but no live watcher holds this home lock (last beat: 82s ago).
●  watcher supervision needs Stop-owned automatic recovery; inspect the hook registration and startup status before ending the turn.
●━━━━━━━━━━━━━━━━━━━━━━━━━━━━━━━━━━━━━━━━━━━━━━━━━━━━━━━━━━━━━━━━━━━━━━━
cycle 69 FALSE-BLIND (lock /tmp/hhe1805-basehome/state/.watch.lock.owner.MSINrk held throughout):
●━━━━━━━━━━━━━━━━━━━━━━━━━━━━━━━━━━━━━━━━━━━━━━━━━━━━━━━━━━━━━━━━━━━━━━━
●  TURN WOULD END BLIND - SUPERVISION IS OFF
●  1 task(s) in flight, but no live watcher holds this home lock (last beat: 84s ago).
●  watcher supervision needs Stop-owned automatic recovery; inspect the hook registration and startup status before ending the turn.
●━━━━━━━━━━━━━━━━━━━━━━━━━━━━━━━━━━━━━━━━━━━━━━━━━━━━━━━━━━━━━━━━━━━━━━━
cycle 70 FALSE-BLIND (lock /tmp/hhe1805-basehome/state/.watch.lock.owner.MSINrk held throughout):
●━━━━━━━━━━━━━━━━━━━━━━━━━━━━━━━━━━━━━━━━━━━━━━━━━━━━━━━━━━━━━━━━━━━━━━━
●  TURN WOULD END BLIND - SUPERVISION IS OFF
●  1 task(s) in flight, but no live watcher holds this home lock (last beat: 85s ago).
●  watcher supervision needs Stop-owned automatic recovery; inspect the hook registration and startup status before ending the turn.
●━━━━━━━━━━━━━━━━━━━━━━━━━━━━━━━━━━━━━━━━━━━━━━━━━━━━━━━━━━━━━━━━━━━━━━━
cycle 71 FALSE-BLIND (lock /tmp/hhe1805-basehome/state/.watch.lock.owner.MSINrk held throughout):
●━━━━━━━━━━━━━━━━━━━━━━━━━━━━━━━━━━━━━━━━━━━━━━━━━━━━━━━━━━━━━━━━━━━━━━━
●  TURN WOULD END BLIND - SUPERVISION IS OFF
●  1 task(s) in flight, but no live watcher holds this home lock (last beat: 86s ago).
●  watcher supervision needs Stop-owned automatic recovery; inspect the hook registration and startup status before ending the turn.
●━━━━━━━━━━━━━━━━━━━━━━━━━━━━━━━━━━━━━━━━━━━━━━━━━━━━━━━━━━━━━━━━━━━━━━━
cycle 72 FALSE-BLIND (lock /tmp/hhe1805-basehome/state/.watch.lock.owner.MSINrk held throughout):
●━━━━━━━━━━━━━━━━━━━━━━━━━━━━━━━━━━━━━━━━━━━━━━━━━━━━━━━━━━━━━━━━━━━━━━━
●  TURN WOULD END BLIND - SUPERVISION IS OFF
●  1 task(s) in flight, but no live watcher holds this home lock (last beat: 88s ago).
●  watcher supervision needs Stop-owned automatic recovery; inspect the hook registration and startup status before ending the turn.
●━━━━━━━━━━━━━━━━━━━━━━━━━━━━━━━━━━━━━━━━━━━━━━━━━━━━━━━━━━━━━━━━━━━━━━━
cycle 73 FALSE-BLIND (lock /tmp/hhe1805-basehome/state/.watch.lock.owner.MSINrk held throughout):
●━━━━━━━━━━━━━━━━━━━━━━━━━━━━━━━━━━━━━━━━━━━━━━━━━━━━━━━━━━━━━━━━━━━━━━━
●  TURN WOULD END BLIND - SUPERVISION IS OFF
●  1 task(s) in flight, but no live watcher holds this home lock (last beat: 89s ago).
●  watcher supervision needs Stop-owned automatic recovery; inspect the hook registration and startup status before ending the turn.
●━━━━━━━━━━━━━━━━━━━━━━━━━━━━━━━━━━━━━━━━━━━━━━━━━━━━━━━━━━━━━━━━━━━━━━━
cycle 74 FALSE-BLIND (lock /tmp/hhe1805-basehome/state/.watch.lock.owner.MSINrk held throughout):
●━━━━━━━━━━━━━━━━━━━━━━━━━━━━━━━━━━━━━━━━━━━━━━━━━━━━━━━━━━━━━━━━━━━━━━━
●  TURN WOULD END BLIND - SUPERVISION IS OFF
●  1 task(s) in flight, but no live watcher holds this home lock (last beat: 90s ago).
●  watcher supervision needs Stop-owned automatic recovery; inspect the hook registration and startup status before ending the turn.
●━━━━━━━━━━━━━━━━━━━━━━━━━━━━━━━━━━━━━━━━━━━━━━━━━━━━━━━━━━━━━━━━━━━━━━━
cycle 75 FALSE-BLIND (lock /tmp/hhe1805-basehome/state/.watch.lock.owner.MSINrk held throughout):
●━━━━━━━━━━━━━━━━━━━━━━━━━━━━━━━━━━━━━━━━━━━━━━━━━━━━━━━━━━━━━━━━━━━━━━━
●  TURN WOULD END BLIND - SUPERVISION IS OFF
●  1 task(s) in flight, but no live watcher holds this home lock (last beat: 91s ago).
●  watcher supervision needs Stop-owned automatic recovery; inspect the hook registration and startup status before ending the turn.
●━━━━━━━━━━━━━━━━━━━━━━━━━━━━━━━━━━━━━━━━━━━━━━━━━━━━━━━━━━━━━━━━━━━━━━━
cycle 76 FALSE-BLIND (lock /tmp/hhe1805-basehome/state/.watch.lock.owner.MSINrk held throughout):
●━━━━━━━━━━━━━━━━━━━━━━━━━━━━━━━━━━━━━━━━━━━━━━━━━━━━━━━━━━━━━━━━━━━━━━━
●  TURN WOULD END BLIND - SUPERVISION IS OFF
●  1 task(s) in flight, but no live watcher holds this home lock (last beat: 92s ago).
●  watcher supervision needs Stop-owned automatic recovery; inspect the hook registration and startup status before ending the turn.
●━━━━━━━━━━━━━━━━━━━━━━━━━━━━━━━━━━━━━━━━━━━━━━━━━━━━━━━━━━━━━━━━━━━━━━━
cycle 77 FALSE-BLIND (lock /tmp/hhe1805-basehome/state/.watch.lock.owner.MSINrk held throughout):
●━━━━━━━━━━━━━━━━━━━━━━━━━━━━━━━━━━━━━━━━━━━━━━━━━━━━━━━━━━━━━━━━━━━━━━━
●  TURN WOULD END BLIND - SUPERVISION IS OFF
●  1 task(s) in flight, but no live watcher holds this home lock (last beat: 94s ago).
●  watcher supervision needs Stop-owned automatic recovery; inspect the hook registration and startup status before ending the turn.
●━━━━━━━━━━━━━━━━━━━━━━━━━━━━━━━━━━━━━━━━━━━━━━━━━━━━━━━━━━━━━━━━━━━━━━━
cycle 78 FALSE-BLIND (lock /tmp/hhe1805-basehome/state/.watch.lock.owner.MSINrk held throughout):
●━━━━━━━━━━━━━━━━━━━━━━━━━━━━━━━━━━━━━━━━━━━━━━━━━━━━━━━━━━━━━━━━━━━━━━━
●  TURN WOULD END BLIND - SUPERVISION IS OFF
●  1 task(s) in flight, but no live watcher holds this home lock (last beat: 95s ago).
●  watcher supervision needs Stop-owned automatic recovery; inspect the hook registration and startup status before ending the turn.
●━━━━━━━━━━━━━━━━━━━━━━━━━━━━━━━━━━━━━━━━━━━━━━━━━━━━━━━━━━━━━━━━━━━━━━━
cycle 79 FALSE-BLIND (lock /tmp/hhe1805-basehome/state/.watch.lock.owner.MSINrk held throughout):
●━━━━━━━━━━━━━━━━━━━━━━━━━━━━━━━━━━━━━━━━━━━━━━━━━━━━━━━━━━━━━━━━━━━━━━━
●  TURN WOULD END BLIND - SUPERVISION IS OFF
●  1 task(s) in flight, but no live watcher holds this home lock (last beat: 96s ago).
●  watcher supervision needs Stop-owned automatic recovery; inspect the hook registration and startup status before ending the turn.
●━━━━━━━━━━━━━━━━━━━━━━━━━━━━━━━━━━━━━━━━━━━━━━━━━━━━━━━━━━━━━━━━━━━━━━━
cycle 80 FALSE-BLIND (lock /tmp/hhe1805-basehome/state/.watch.lock.owner.MSINrk held throughout):
●━━━━━━━━━━━━━━━━━━━━━━━━━━━━━━━━━━━━━━━━━━━━━━━━━━━━━━━━━━━━━━━━━━━━━━━
●  TURN WOULD END BLIND - SUPERVISION IS OFF
●  1 task(s) in flight, but no live watcher holds this home lock (last beat: 97s ago).
●  watcher supervision needs Stop-owned automatic recovery; inspect the hook registration and startup status before ending the turn.
●━━━━━━━━━━━━━━━━━━━━━━━━━━━━━━━━━━━━━━━━━━━━━━━━━━━━━━━━━━━━━━━━━━━━━━━
cycle 81 FALSE-BLIND (lock /tmp/hhe1805-basehome/state/.watch.lock.owner.MSINrk held throughout):
●━━━━━━━━━━━━━━━━━━━━━━━━━━━━━━━━━━━━━━━━━━━━━━━━━━━━━━━━━━━━━━━━━━━━━━━
●  TURN WOULD END BLIND - SUPERVISION IS OFF
●  1 task(s) in flight, but no live watcher holds this home lock (last beat: 99s ago).
●  watcher supervision needs Stop-owned automatic recovery; inspect the hook registration and startup status before ending the turn.
●━━━━━━━━━━━━━━━━━━━━━━━━━━━━━━━━━━━━━━━━━━━━━━━━━━━━━━━━━━━━━━━━━━━━━━━
cycle 82 FALSE-BLIND (lock /tmp/hhe1805-basehome/state/.watch.lock.owner.MSINrk held throughout):
●━━━━━━━━━━━━━━━━━━━━━━━━━━━━━━━━━━━━━━━━━━━━━━━━━━━━━━━━━━━━━━━━━━━━━━━
●  TURN WOULD END BLIND - SUPERVISION IS OFF
●  1 task(s) in flight, but no live watcher holds this home lock (last beat: 100s ago).
●  watcher supervision needs Stop-owned automatic recovery; inspect the hook registration and startup status before ending the turn.
●━━━━━━━━━━━━━━━━━━━━━━━━━━━━━━━━━━━━━━━━━━━━━━━━━━━━━━━━━━━━━━━━━━━━━━━
cycle 83 FALSE-BLIND (lock /tmp/hhe1805-basehome/state/.watch.lock.owner.MSINrk held throughout):
●━━━━━━━━━━━━━━━━━━━━━━━━━━━━━━━━━━━━━━━━━━━━━━━━━━━━━━━━━━━━━━━━━━━━━━━
●  TURN WOULD END BLIND - SUPERVISION IS OFF
●  1 task(s) in flight, but no live watcher holds this home lock (last beat: 101s ago).
●  watcher supervision needs Stop-owned automatic recovery; inspect the hook registration and startup status before ending the turn.
●━━━━━━━━━━━━━━━━━━━━━━━━━━━━━━━━━━━━━━━━━━━━━━━━━━━━━━━━━━━━━━━━━━━━━━━
cycle 84 FALSE-BLIND (lock /tmp/hhe1805-basehome/state/.watch.lock.owner.MSINrk held throughout):
●━━━━━━━━━━━━━━━━━━━━━━━━━━━━━━━━━━━━━━━━━━━━━━━━━━━━━━━━━━━━━━━━━━━━━━━
●  TURN WOULD END BLIND - SUPERVISION IS OFF
●  1 task(s) in flight, but no live watcher holds this home lock (last beat: 102s ago).
●  watcher supervision needs Stop-owned automatic recovery; inspect the hook registration and startup status before ending the turn.
●━━━━━━━━━━━━━━━━━━━━━━━━━━━━━━━━━━━━━━━━━━━━━━━━━━━━━━━━━━━━━━━━━━━━━━━
cycle 85 FALSE-BLIND (lock /tmp/hhe1805-basehome/state/.watch.lock.owner.MSINrk held throughout):
●━━━━━━━━━━━━━━━━━━━━━━━━━━━━━━━━━━━━━━━━━━━━━━━━━━━━━━━━━━━━━━━━━━━━━━━
●  TURN WOULD END BLIND - SUPERVISION IS OFF
●  1 task(s) in flight, but no live watcher holds this home lock (last beat: 104s ago).
●  watcher supervision needs Stop-owned automatic recovery; inspect the hook registration and startup status before ending the turn.
●━━━━━━━━━━━━━━━━━━━━━━━━━━━━━━━━━━━━━━━━━━━━━━━━━━━━━━━━━━━━━━━━━━━━━━━
cycle 86 FALSE-BLIND (lock /tmp/hhe1805-basehome/state/.watch.lock.owner.MSINrk held throughout):
●━━━━━━━━━━━━━━━━━━━━━━━━━━━━━━━━━━━━━━━━━━━━━━━━━━━━━━━━━━━━━━━━━━━━━━━
●  TURN WOULD END BLIND - SUPERVISION IS OFF
●  1 task(s) in flight, but no live watcher holds this home lock (last beat: 105s ago).
●  watcher supervision needs Stop-owned automatic recovery; inspect the hook registration and startup status before ending the turn.
●━━━━━━━━━━━━━━━━━━━━━━━━━━━━━━━━━━━━━━━━━━━━━━━━━━━━━━━━━━━━━━━━━━━━━━━
cycle 87 FALSE-BLIND (lock /tmp/hhe1805-basehome/state/.watch.lock.owner.MSINrk held throughout):
●━━━━━━━━━━━━━━━━━━━━━━━━━━━━━━━━━━━━━━━━━━━━━━━━━━━━━━━━━━━━━━━━━━━━━━━
●  TURN WOULD END BLIND - SUPERVISION IS OFF
●  1 task(s) in flight, but no live watcher holds this home lock (last beat: 106s ago).
●  watcher supervision needs Stop-owned automatic recovery; inspect the hook registration and startup status before ending the turn.
●━━━━━━━━━━━━━━━━━━━━━━━━━━━━━━━━━━━━━━━━━━━━━━━━━━━━━━━━━━━━━━━━━━━━━━━
cycle 88 FALSE-BLIND (lock /tmp/hhe1805-basehome/state/.watch.lock.owner.MSINrk held throughout):
●━━━━━━━━━━━━━━━━━━━━━━━━━━━━━━━━━━━━━━━━━━━━━━━━━━━━━━━━━━━━━━━━━━━━━━━
●  TURN WOULD END BLIND - SUPERVISION IS OFF
●  1 task(s) in flight, but no live watcher holds this home lock (last beat: 107s ago).
●  watcher supervision needs Stop-owned automatic recovery; inspect the hook registration and startup status before ending the turn.
●━━━━━━━━━━━━━━━━━━━━━━━━━━━━━━━━━━━━━━━━━━━━━━━━━━━━━━━━━━━━━━━━━━━━━━━
cycle 89 FALSE-BLIND (lock /tmp/hhe1805-basehome/state/.watch.lock.owner.MSINrk held throughout):
●━━━━━━━━━━━━━━━━━━━━━━━━━━━━━━━━━━━━━━━━━━━━━━━━━━━━━━━━━━━━━━━━━━━━━━━
●  TURN WOULD END BLIND - SUPERVISION IS OFF
●  1 task(s) in flight, but no live watcher holds this home lock (last beat: 109s ago).
●  watcher supervision needs Stop-owned automatic recovery; inspect the hook registration and startup status before ending the turn.
●━━━━━━━━━━━━━━━━━━━━━━━━━━━━━━━━━━━━━━━━━━━━━━━━━━━━━━━━━━━━━━━━━━━━━━━
cycle 90 FALSE-BLIND (lock /tmp/hhe1805-basehome/state/.watch.lock.owner.MSINrk held throughout):
●━━━━━━━━━━━━━━━━━━━━━━━━━━━━━━━━━━━━━━━━━━━━━━━━━━━━━━━━━━━━━━━━━━━━━━━
●  TURN WOULD END BLIND - SUPERVISION IS OFF
●  1 task(s) in flight, but no live watcher holds this home lock (last beat: 110s ago).
●  watcher supervision needs Stop-owned automatic recovery; inspect the hook registration and startup status before ending the turn.
●━━━━━━━━━━━━━━━━━━━━━━━━━━━━━━━━━━━━━━━━━━━━━━━━━━━━━━━━━━━━━━━━━━━━━━━
cycle 91 FALSE-BLIND (lock /tmp/hhe1805-basehome/state/.watch.lock.owner.MSINrk held throughout):
●━━━━━━━━━━━━━━━━━━━━━━━━━━━━━━━━━━━━━━━━━━━━━━━━━━━━━━━━━━━━━━━━━━━━━━━
●  TURN WOULD END BLIND - SUPERVISION IS OFF
●  1 task(s) in flight, but no live watcher holds this home lock (last beat: 111s ago).
●  watcher supervision needs Stop-owned automatic recovery; inspect the hook registration and startup status before ending the turn.
●━━━━━━━━━━━━━━━━━━━━━━━━━━━━━━━━━━━━━━━━━━━━━━━━━━━━━━━━━━━━━━━━━━━━━━━
cycle 92 FALSE-BLIND (lock /tmp/hhe1805-basehome/state/.watch.lock.owner.MSINrk held throughout):
●━━━━━━━━━━━━━━━━━━━━━━━━━━━━━━━━━━━━━━━━━━━━━━━━━━━━━━━━━━━━━━━━━━━━━━━
●  TURN WOULD END BLIND - SUPERVISION IS OFF
●  1 task(s) in flight, but no live watcher holds this home lock (last beat: 112s ago).
●  watcher supervision needs Stop-owned automatic recovery; inspect the hook registration and startup status before ending the turn.
●━━━━━━━━━━━━━━━━━━━━━━━━━━━━━━━━━━━━━━━━━━━━━━━━━━━━━━━━━━━━━━━━━━━━━━━
cycle 93 FALSE-BLIND (lock /tmp/hhe1805-basehome/state/.watch.lock.owner.MSINrk held throughout):
●━━━━━━━━━━━━━━━━━━━━━━━━━━━━━━━━━━━━━━━━━━━━━━━━━━━━━━━━━━━━━━━━━━━━━━━
●  TURN WOULD END BLIND - SUPERVISION IS OFF
●  1 task(s) in flight, but no live watcher holds this home lock (last beat: 114s ago).
●  watcher supervision needs Stop-owned automatic recovery; inspect the hook registration and startup status before ending the turn.
●━━━━━━━━━━━━━━━━━━━━━━━━━━━━━━━━━━━━━━━━━━━━━━━━━━━━━━━━━━━━━━━━━━━━━━━
cycle 94 FALSE-BLIND (lock /tmp/hhe1805-basehome/state/.watch.lock.owner.MSINrk held throughout):
●━━━━━━━━━━━━━━━━━━━━━━━━━━━━━━━━━━━━━━━━━━━━━━━━━━━━━━━━━━━━━━━━━━━━━━━
●  TURN WOULD END BLIND - SUPERVISION IS OFF
●  1 task(s) in flight, but no live watcher holds this home lock (last beat: 115s ago).
●  watcher supervision needs Stop-owned automatic recovery; inspect the hook registration and startup status before ending the turn.
●━━━━━━━━━━━━━━━━━━━━━━━━━━━━━━━━━━━━━━━━━━━━━━━━━━━━━━━━━━━━━━━━━━━━━━━
cycle 95 FALSE-BLIND (lock /tmp/hhe1805-basehome/state/.watch.lock.owner.MSINrk held throughout):
●━━━━━━━━━━━━━━━━━━━━━━━━━━━━━━━━━━━━━━━━━━━━━━━━━━━━━━━━━━━━━━━━━━━━━━━
●  TURN WOULD END BLIND - SUPERVISION IS OFF
●  1 task(s) in flight, but no live watcher holds this home lock (last beat: 116s ago).
●  watcher supervision needs Stop-owned automatic recovery; inspect the hook registration and startup status before ending the turn.
●━━━━━━━━━━━━━━━━━━━━━━━━━━━━━━━━━━━━━━━━━━━━━━━━━━━━━━━━━━━━━━━━━━━━━━━
cycle 96 FALSE-BLIND (lock /tmp/hhe1805-basehome/state/.watch.lock.owner.MSINrk held throughout):
●━━━━━━━━━━━━━━━━━━━━━━━━━━━━━━━━━━━━━━━━━━━━━━━━━━━━━━━━━━━━━━━━━━━━━━━
●  TURN WOULD END BLIND - SUPERVISION IS OFF
●  1 task(s) in flight, but no live watcher holds this home lock (last beat: 118s ago).
●  watcher supervision needs Stop-owned automatic recovery; inspect the hook registration and startup status before ending the turn.
●━━━━━━━━━━━━━━━━━━━━━━━━━━━━━━━━━━━━━━━━━━━━━━━━━━━━━━━━━━━━━━━━━━━━━━━
cycle 97 FALSE-BLIND (lock /tmp/hhe1805-basehome/state/.watch.lock.owner.MSINrk held throughout):
●━━━━━━━━━━━━━━━━━━━━━━━━━━━━━━━━━━━━━━━━━━━━━━━━━━━━━━━━━━━━━━━━━━━━━━━
●  TURN WOULD END BLIND - SUPERVISION IS OFF
●  1 task(s) in flight, but no live watcher holds this home lock (last beat: 119s ago).
●  watcher supervision needs Stop-owned automatic recovery; inspect the hook registration and startup status before ending the turn.
●━━━━━━━━━━━━━━━━━━━━━━━━━━━━━━━━━━━━━━━━━━━━━━━━━━━━━━━━━━━━━━━━━━━━━━━
cycle 98 FALSE-BLIND (lock /tmp/hhe1805-basehome/state/.watch.lock.owner.MSINrk held throughout):
●━━━━━━━━━━━━━━━━━━━━━━━━━━━━━━━━━━━━━━━━━━━━━━━━━━━━━━━━━━━━━━━━━━━━━━━
●  TURN WOULD END BLIND - SUPERVISION IS OFF
●  1 task(s) in flight, but no live watcher holds this home lock (last beat: 120s ago).
●  watcher supervision needs Stop-owned automatic recovery; inspect the hook registration and startup status before ending the turn.
●━━━━━━━━━━━━━━━━━━━━━━━━━━━━━━━━━━━━━━━━━━━━━━━━━━━━━━━━━━━━━━━━━━━━━━━
cycle 99 FALSE-BLIND (lock /tmp/hhe1805-basehome/state/.watch.lock.owner.MSINrk held throughout):
●━━━━━━━━━━━━━━━━━━━━━━━━━━━━━━━━━━━━━━━━━━━━━━━━━━━━━━━━━━━━━━━━━━━━━━━
●  TURN WOULD END BLIND - SUPERVISION IS OFF
●  1 task(s) in flight, but no live watcher holds this home lock (last beat: 121s ago).
●  watcher supervision needs Stop-owned automatic recovery; inspect the hook registration and startup status before ending the turn.
●━━━━━━━━━━━━━━━━━━━━━━━━━━━━━━━━━━━━━━━━━━━━━━━━━━━━━━━━━━━━━━━━━━━━━━━
cycle 100 FALSE-BLIND (lock /tmp/hhe1805-basehome/state/.watch.lock.owner.MSINrk held throughout):
●━━━━━━━━━━━━━━━━━━━━━━━━━━━━━━━━━━━━━━━━━━━━━━━━━━━━━━━━━━━━━━━━━━━━━━━
●  TURN WOULD END BLIND - SUPERVISION IS OFF
●  1 task(s) in flight, but no live watcher holds this home lock (last beat: 123s ago).
●  watcher supervision needs Stop-owned automatic recovery; inspect the hook registration and startup status before ending the turn.
●━━━━━━━━━━━━━━━━━━━━━━━━━━━━━━━━━━━━━━━━━━━━━━━━━━━━━━━━━━━━━━━━━━━━━━━
cycle 101 FALSE-BLIND (lock /tmp/hhe1805-basehome/state/.watch.lock.owner.MSINrk held throughout):
●━━━━━━━━━━━━━━━━━━━━━━━━━━━━━━━━━━━━━━━━━━━━━━━━━━━━━━━━━━━━━━━━━━━━━━━
●  TURN WOULD END BLIND - SUPERVISION IS OFF
●  1 task(s) in flight, but no live watcher holds this home lock (last beat: 124s ago).
●  watcher supervision needs Stop-owned automatic recovery; inspect the hook registration and startup status before ending the turn.
●━━━━━━━━━━━━━━━━━━━━━━━━━━━━━━━━━━━━━━━━━━━━━━━━━━━━━━━━━━━━━━━━━━━━━━━
cycle 102 FALSE-BLIND (lock /tmp/hhe1805-basehome/state/.watch.lock.owner.MSINrk held throughout):
●━━━━━━━━━━━━━━━━━━━━━━━━━━━━━━━━━━━━━━━━━━━━━━━━━━━━━━━━━━━━━━━━━━━━━━━
●  TURN WOULD END BLIND - SUPERVISION IS OFF
●  1 task(s) in flight, but no live watcher holds this home lock (last beat: 125s ago).
●  watcher supervision needs Stop-owned automatic recovery; inspect the hook registration and startup status before ending the turn.
●━━━━━━━━━━━━━━━━━━━━━━━━━━━━━━━━━━━━━━━━━━━━━━━━━━━━━━━━━━━━━━━━━━━━━━━
cycle 103 FALSE-BLIND (lock /tmp/hhe1805-basehome/state/.watch.lock.owner.MSINrk held throughout):
●━━━━━━━━━━━━━━━━━━━━━━━━━━━━━━━━━━━━━━━━━━━━━━━━━━━━━━━━━━━━━━━━━━━━━━━
●  TURN WOULD END BLIND - SUPERVISION IS OFF
●  1 task(s) in flight, but no live watcher holds this home lock (last beat: 126s ago).
●  watcher supervision needs Stop-owned automatic recovery; inspect the hook registration and startup status before ending the turn.
●━━━━━━━━━━━━━━━━━━━━━━━━━━━━━━━━━━━━━━━━━━━━━━━━━━━━━━━━━━━━━━━━━━━━━━━
cycle 104 FALSE-BLIND (lock /tmp/hhe1805-basehome/state/.watch.lock.owner.MSINrk held throughout):
●━━━━━━━━━━━━━━━━━━━━━━━━━━━━━━━━━━━━━━━━━━━━━━━━━━━━━━━━━━━━━━━━━━━━━━━
●  TURN WOULD END BLIND - SUPERVISION IS OFF
●  1 task(s) in flight, but no live watcher holds this home lock (last beat: 128s ago).
●  watcher supervision needs Stop-owned automatic recovery; inspect the hook registration and startup status before ending the turn.
●━━━━━━━━━━━━━━━━━━━━━━━━━━━━━━━━━━━━━━━━━━━━━━━━━━━━━━━━━━━━━━━━━━━━━━━
cycle 105 FALSE-BLIND (lock /tmp/hhe1805-basehome/state/.watch.lock.owner.MSINrk held throughout):
●━━━━━━━━━━━━━━━━━━━━━━━━━━━━━━━━━━━━━━━━━━━━━━━━━━━━━━━━━━━━━━━━━━━━━━━
●  TURN WOULD END BLIND - SUPERVISION IS OFF
●  1 task(s) in flight, but no live watcher holds this home lock (last beat: 129s ago).
●  watcher supervision needs Stop-owned automatic recovery; inspect the hook registration and startup status before ending the turn.
●━━━━━━━━━━━━━━━━━━━━━━━━━━━━━━━━━━━━━━━━━━━━━━━━━━━━━━━━━━━━━━━━━━━━━━━
cycle 106 FALSE-BLIND (lock /tmp/hhe1805-basehome/state/.watch.lock.owner.MSINrk held throughout):
●━━━━━━━━━━━━━━━━━━━━━━━━━━━━━━━━━━━━━━━━━━━━━━━━━━━━━━━━━━━━━━━━━━━━━━━
●  TURN WOULD END BLIND - SUPERVISION IS OFF
●  1 task(s) in flight, but no live watcher holds this home lock (last beat: 130s ago).
●  watcher supervision needs Stop-owned automatic recovery; inspect the hook registration and startup status before ending the turn.
●━━━━━━━━━━━━━━━━━━━━━━━━━━━━━━━━━━━━━━━━━━━━━━━━━━━━━━━━━━━━━━━━━━━━━━━
cycle 107 FALSE-BLIND (lock /tmp/hhe1805-basehome/state/.watch.lock.owner.MSINrk held throughout):
●━━━━━━━━━━━━━━━━━━━━━━━━━━━━━━━━━━━━━━━━━━━━━━━━━━━━━━━━━━━━━━━━━━━━━━━
●  TURN WOULD END BLIND - SUPERVISION IS OFF
●  1 task(s) in flight, but no live watcher holds this home lock (last beat: 131s ago).
●  watcher supervision needs Stop-owned automatic recovery; inspect the hook registration and startup status before ending the turn.
●━━━━━━━━━━━━━━━━━━━━━━━━━━━━━━━━━━━━━━━━━━━━━━━━━━━━━━━━━━━━━━━━━━━━━━━
cycle 108 FALSE-BLIND (lock /tmp/hhe1805-basehome/state/.watch.lock.owner.MSINrk held throughout):
●━━━━━━━━━━━━━━━━━━━━━━━━━━━━━━━━━━━━━━━━━━━━━━━━━━━━━━━━━━━━━━━━━━━━━━━
●  TURN WOULD END BLIND - SUPERVISION IS OFF
●  1 task(s) in flight, but no live watcher holds this home lock (last beat: 132s ago).
●  watcher supervision needs Stop-owned automatic recovery; inspect the hook registration and startup status before ending the turn.
●━━━━━━━━━━━━━━━━━━━━━━━━━━━━━━━━━━━━━━━━━━━━━━━━━━━━━━━━━━━━━━━━━━━━━━━
cycle 109 FALSE-BLIND (lock /tmp/hhe1805-basehome/state/.watch.lock.owner.MSINrk held throughout):
●━━━━━━━━━━━━━━━━━━━━━━━━━━━━━━━━━━━━━━━━━━━━━━━━━━━━━━━━━━━━━━━━━━━━━━━
●  TURN WOULD END BLIND - SUPERVISION IS OFF
●  1 task(s) in flight, but no live watcher holds this home lock (last beat: 134s ago).
●  watcher supervision needs Stop-owned automatic recovery; inspect the hook registration and startup status before ending the turn.
●━━━━━━━━━━━━━━━━━━━━━━━━━━━━━━━━━━━━━━━━━━━━━━━━━━━━━━━━━━━━━━━━━━━━━━━
cycle 110 FALSE-BLIND (lock /tmp/hhe1805-basehome/state/.watch.lock.owner.MSINrk held throughout):
●━━━━━━━━━━━━━━━━━━━━━━━━━━━━━━━━━━━━━━━━━━━━━━━━━━━━━━━━━━━━━━━━━━━━━━━
●  TURN WOULD END BLIND - SUPERVISION IS OFF
●  1 task(s) in flight, but no live watcher holds this home lock (last beat: 135s ago).
●  watcher supervision needs Stop-owned automatic recovery; inspect the hook registration and startup status before ending the turn.
●━━━━━━━━━━━━━━━━━━━━━━━━━━━━━━━━━━━━━━━━━━━━━━━━━━━━━━━━━━━━━━━━━━━━━━━
cycle 111 FALSE-BLIND (lock /tmp/hhe1805-basehome/state/.watch.lock.owner.MSINrk held throughout):
●━━━━━━━━━━━━━━━━━━━━━━━━━━━━━━━━━━━━━━━━━━━━━━━━━━━━━━━━━━━━━━━━━━━━━━━
●  TURN WOULD END BLIND - SUPERVISION IS OFF
●  1 task(s) in flight, but no live watcher holds this home lock (last beat: 136s ago).
●  watcher supervision needs Stop-owned automatic recovery; inspect the hook registration and startup status before ending the turn.
●━━━━━━━━━━━━━━━━━━━━━━━━━━━━━━━━━━━━━━━━━━━━━━━━━━━━━━━━━━━━━━━━━━━━━━━
cycle 112 FALSE-BLIND (lock /tmp/hhe1805-basehome/state/.watch.lock.owner.MSINrk held throughout):
●━━━━━━━━━━━━━━━━━━━━━━━━━━━━━━━━━━━━━━━━━━━━━━━━━━━━━━━━━━━━━━━━━━━━━━━
●  TURN WOULD END BLIND - SUPERVISION IS OFF
●  1 task(s) in flight, but no live watcher holds this home lock (last beat: 138s ago).
●  watcher supervision needs Stop-owned automatic recovery; inspect the hook registration and startup status before ending the turn.
●━━━━━━━━━━━━━━━━━━━━━━━━━━━━━━━━━━━━━━━━━━━━━━━━━━━━━━━━━━━━━━━━━━━━━━━
cycle 113 FALSE-BLIND (lock /tmp/hhe1805-basehome/state/.watch.lock.owner.MSINrk held throughout):
●━━━━━━━━━━━━━━━━━━━━━━━━━━━━━━━━━━━━━━━━━━━━━━━━━━━━━━━━━━━━━━━━━━━━━━━
●  TURN WOULD END BLIND - SUPERVISION IS OFF
●  1 task(s) in flight, but no live watcher holds this home lock (last beat: 139s ago).
●  watcher supervision needs Stop-owned automatic recovery; inspect the hook registration and startup status before ending the turn.
●━━━━━━━━━━━━━━━━━━━━━━━━━━━━━━━━━━━━━━━━━━━━━━━━━━━━━━━━━━━━━━━━━━━━━━━
cycle 114 FALSE-BLIND (lock /tmp/hhe1805-basehome/state/.watch.lock.owner.MSINrk held throughout):
●━━━━━━━━━━━━━━━━━━━━━━━━━━━━━━━━━━━━━━━━━━━━━━━━━━━━━━━━━━━━━━━━━━━━━━━
●  TURN WOULD END BLIND - SUPERVISION IS OFF
●  1 task(s) in flight, but no live watcher holds this home lock (last beat: 140s ago).
●  watcher supervision needs Stop-owned automatic recovery; inspect the hook registration and startup status before ending the turn.
●━━━━━━━━━━━━━━━━━━━━━━━━━━━━━━━━━━━━━━━━━━━━━━━━━━━━━━━━━━━━━━━━━━━━━━━
cycle 115 FALSE-BLIND (lock /tmp/hhe1805-basehome/state/.watch.lock.owner.MSINrk held throughout):
●━━━━━━━━━━━━━━━━━━━━━━━━━━━━━━━━━━━━━━━━━━━━━━━━━━━━━━━━━━━━━━━━━━━━━━━
●  TURN WOULD END BLIND - SUPERVISION IS OFF
●  1 task(s) in flight, but no live watcher holds this home lock (last beat: 141s ago).
●  watcher supervision needs Stop-owned automatic recovery; inspect the hook registration and startup status before ending the turn.
●━━━━━━━━━━━━━━━━━━━━━━━━━━━━━━━━━━━━━━━━━━━━━━━━━━━━━━━━━━━━━━━━━━━━━━━
cycle 116 FALSE-BLIND (lock /tmp/hhe1805-basehome/state/.watch.lock.owner.MSINrk held throughout):
●━━━━━━━━━━━━━━━━━━━━━━━━━━━━━━━━━━━━━━━━━━━━━━━━━━━━━━━━━━━━━━━━━━━━━━━
●  TURN WOULD END BLIND - SUPERVISION IS OFF
●  1 task(s) in flight, but no live watcher holds this home lock (last beat: 142s ago).
●  watcher supervision needs Stop-owned automatic recovery; inspect the hook registration and startup status before ending the turn.
●━━━━━━━━━━━━━━━━━━━━━━━━━━━━━━━━━━━━━━━━━━━━━━━━━━━━━━━━━━━━━━━━━━━━━━━
cycle 117 FALSE-BLIND (lock /tmp/hhe1805-basehome/state/.watch.lock.owner.MSINrk held throughout):
●━━━━━━━━━━━━━━━━━━━━━━━━━━━━━━━━━━━━━━━━━━━━━━━━━━━━━━━━━━━━━━━━━━━━━━━
●  TURN WOULD END BLIND - SUPERVISION IS OFF
●  1 task(s) in flight, but no live watcher holds this home lock (last beat: 144s ago).
●  watcher supervision needs Stop-owned automatic recovery; inspect the hook registration and startup status before ending the turn.
●━━━━━━━━━━━━━━━━━━━━━━━━━━━━━━━━━━━━━━━━━━━━━━━━━━━━━━━━━━━━━━━━━━━━━━━
cycle 118 FALSE-BLIND (lock /tmp/hhe1805-basehome/state/.watch.lock.owner.MSINrk held throughout):
●━━━━━━━━━━━━━━━━━━━━━━━━━━━━━━━━━━━━━━━━━━━━━━━━━━━━━━━━━━━━━━━━━━━━━━━
●  TURN WOULD END BLIND - SUPERVISION IS OFF
●  1 task(s) in flight, but no live watcher holds this home lock (last beat: 145s ago).
●  watcher supervision needs Stop-owned automatic recovery; inspect the hook registration and startup status before ending the turn.
●━━━━━━━━━━━━━━━━━━━━━━━━━━━━━━━━━━━━━━━━━━━━━━━━━━━━━━━━━━━━━━━━━━━━━━━
cycle 119 FALSE-BLIND (lock /tmp/hhe1805-basehome/state/.watch.lock.owner.MSINrk held throughout):
●━━━━━━━━━━━━━━━━━━━━━━━━━━━━━━━━━━━━━━━━━━━━━━━━━━━━━━━━━━━━━━━━━━━━━━━
●  TURN WOULD END BLIND - SUPERVISION IS OFF
●  1 task(s) in flight, but no live watcher holds this home lock (last beat: 146s ago).
●  watcher supervision needs Stop-owned automatic recovery; inspect the hook registration and startup status before ending the turn.
●━━━━━━━━━━━━━━━━━━━━━━━━━━━━━━━━━━━━━━━━━━━━━━━━━━━━━━━━━━━━━━━━━━━━━━━
cycle 120 FALSE-BLIND (lock /tmp/hhe1805-basehome/state/.watch.lock.owner.MSINrk held throughout):
●━━━━━━━━━━━━━━━━━━━━━━━━━━━━━━━━━━━━━━━━━━━━━━━━━━━━━━━━━━━━━━━━━━━━━━━
●  TURN WOULD END BLIND - SUPERVISION IS OFF
●  1 task(s) in flight, but no live watcher holds this home lock (last beat: 147s ago).
●  watcher supervision needs Stop-owned automatic recovery; inspect the hook registration and startup status before ending the turn.
●━━━━━━━━━━━━━━━━━━━━━━━━━━━━━━━━━━━━━━━━━━━━━━━━━━━━━━━━━━━━━━━━━━━━━━━
cycle 121 FALSE-BLIND (lock /tmp/hhe1805-basehome/state/.watch.lock.owner.MSINrk held throughout):
●━━━━━━━━━━━━━━━━━━━━━━━━━━━━━━━━━━━━━━━━━━━━━━━━━━━━━━━━━━━━━━━━━━━━━━━
●  TURN WOULD END BLIND - SUPERVISION IS OFF
●  1 task(s) in flight, but no live watcher holds this home lock (last beat: 148s ago).
●  watcher supervision needs Stop-owned automatic recovery; inspect the hook registration and startup status before ending the turn.
●━━━━━━━━━━━━━━━━━━━━━━━━━━━━━━━━━━━━━━━━━━━━━━━━━━━━━━━━━━━━━━━━━━━━━━━
cycle 122 FALSE-BLIND (lock /tmp/hhe1805-basehome/state/.watch.lock.owner.MSINrk held throughout):
●━━━━━━━━━━━━━━━━━━━━━━━━━━━━━━━━━━━━━━━━━━━━━━━━━━━━━━━━━━━━━━━━━━━━━━━
●  TURN WOULD END BLIND - SUPERVISION IS OFF
●  1 task(s) in flight, but no live watcher holds this home lock (last beat: 150s ago).
●  watcher supervision needs Stop-owned automatic recovery; inspect the hook registration and startup status before ending the turn.
●━━━━━━━━━━━━━━━━━━━━━━━━━━━━━━━━━━━━━━━━━━━━━━━━━━━━━━━━━━━━━━━━━━━━━━━
cycle 123 FALSE-BLIND (lock /tmp/hhe1805-basehome/state/.watch.lock.owner.MSINrk held throughout):
●━━━━━━━━━━━━━━━━━━━━━━━━━━━━━━━━━━━━━━━━━━━━━━━━━━━━━━━━━━━━━━━━━━━━━━━
●  TURN WOULD END BLIND - SUPERVISION IS OFF
●  1 task(s) in flight, but no live watcher holds this home lock (last beat: 151s ago).
●  watcher supervision needs Stop-owned automatic recovery; inspect the hook registration and startup status before ending the turn.
●━━━━━━━━━━━━━━━━━━━━━━━━━━━━━━━━━━━━━━━━━━━━━━━━━━━━━━━━━━━━━━━━━━━━━━━
cycle 124 FALSE-BLIND (lock /tmp/hhe1805-basehome/state/.watch.lock.owner.MSINrk held throughout):
●━━━━━━━━━━━━━━━━━━━━━━━━━━━━━━━━━━━━━━━━━━━━━━━━━━━━━━━━━━━━━━━━━━━━━━━
●  TURN WOULD END BLIND - SUPERVISION IS OFF
●  1 task(s) in flight, but no live watcher holds this home lock (last beat: 152s ago).
●  watcher supervision needs Stop-owned automatic recovery; inspect the hook registration and startup status before ending the turn.
●━━━━━━━━━━━━━━━━━━━━━━━━━━━━━━━━━━━━━━━━━━━━━━━━━━━━━━━━━━━━━━━━━━━━━━━
cycle 125 FALSE-BLIND (lock /tmp/hhe1805-basehome/state/.watch.lock.owner.MSINrk held throughout):
●━━━━━━━━━━━━━━━━━━━━━━━━━━━━━━━━━━━━━━━━━━━━━━━━━━━━━━━━━━━━━━━━━━━━━━━
●  TURN WOULD END BLIND - SUPERVISION IS OFF
●  1 task(s) in flight, but no live watcher holds this home lock (last beat: 153s ago).
●  watcher supervision needs Stop-owned automatic recovery; inspect the hook registration and startup status before ending the turn.
●━━━━━━━━━━━━━━━━━━━━━━━━━━━━━━━━━━━━━━━━━━━━━━━━━━━━━━━━━━━━━━━━━━━━━━━
cycle 126 FALSE-BLIND (lock /tmp/hhe1805-basehome/state/.watch.lock.owner.MSINrk held throughout):
●━━━━━━━━━━━━━━━━━━━━━━━━━━━━━━━━━━━━━━━━━━━━━━━━━━━━━━━━━━━━━━━━━━━━━━━
●  TURN WOULD END BLIND - SUPERVISION IS OFF
●  1 task(s) in flight, but no live watcher holds this home lock (last beat: 155s ago).
●  watcher supervision needs Stop-owned automatic recovery; inspect the hook registration and startup status before ending the turn.
●━━━━━━━━━━━━━━━━━━━━━━━━━━━━━━━━━━━━━━━━━━━━━━━━━━━━━━━━━━━━━━━━━━━━━━━
cycle 127 FALSE-BLIND (lock /tmp/hhe1805-basehome/state/.watch.lock.owner.MSINrk held throughout):
●━━━━━━━━━━━━━━━━━━━━━━━━━━━━━━━━━━━━━━━━━━━━━━━━━━━━━━━━━━━━━━━━━━━━━━━
●  TURN WOULD END BLIND - SUPERVISION IS OFF
●  1 task(s) in flight, but no live watcher holds this home lock (last beat: 156s ago).
●  watcher supervision needs Stop-owned automatic recovery; inspect the hook registration and startup status before ending the turn.
●━━━━━━━━━━━━━━━━━━━━━━━━━━━━━━━━━━━━━━━━━━━━━━━━━━━━━━━━━━━━━━━━━━━━━━━
cycle 128 FALSE-BLIND (lock /tmp/hhe1805-basehome/state/.watch.lock.owner.MSINrk held throughout):
●━━━━━━━━━━━━━━━━━━━━━━━━━━━━━━━━━━━━━━━━━━━━━━━━━━━━━━━━━━━━━━━━━━━━━━━
●  TURN WOULD END BLIND - SUPERVISION IS OFF
●  1 task(s) in flight, but no live watcher holds this home lock (last beat: 157s ago).
●  watcher supervision needs Stop-owned automatic recovery; inspect the hook registration and startup status before ending the turn.
●━━━━━━━━━━━━━━━━━━━━━━━━━━━━━━━━━━━━━━━━━━━━━━━━━━━━━━━━━━━━━━━━━━━━━━━
cycle 129 FALSE-BLIND (lock /tmp/hhe1805-basehome/state/.watch.lock.owner.MSINrk held throughout):
●━━━━━━━━━━━━━━━━━━━━━━━━━━━━━━━━━━━━━━━━━━━━━━━━━━━━━━━━━━━━━━━━━━━━━━━
●  TURN WOULD END BLIND - SUPERVISION IS OFF
●  1 task(s) in flight, but no live watcher holds this home lock (last beat: 158s ago).
●  watcher supervision needs Stop-owned automatic recovery; inspect the hook registration and startup status before ending the turn.
●━━━━━━━━━━━━━━━━━━━━━━━━━━━━━━━━━━━━━━━━━━━━━━━━━━━━━━━━━━━━━━━━━━━━━━━
cycle 130 FALSE-BLIND (lock /tmp/hhe1805-basehome/state/.watch.lock.owner.MSINrk held throughout):
●━━━━━━━━━━━━━━━━━━━━━━━━━━━━━━━━━━━━━━━━━━━━━━━━━━━━━━━━━━━━━━━━━━━━━━━
●  TURN WOULD END BLIND - SUPERVISION IS OFF
●  1 task(s) in flight, but no live watcher holds this home lock (last beat: 160s ago).
●  watcher supervision needs Stop-owned automatic recovery; inspect the hook registration and startup status before ending the turn.
●━━━━━━━━━━━━━━━━━━━━━━━━━━━━━━━━━━━━━━━━━━━━━━━━━━━━━━━━━━━━━━━━━━━━━━━
cycle 131 FALSE-BLIND (lock /tmp/hhe1805-basehome/state/.watch.lock.owner.MSINrk held throughout):
●━━━━━━━━━━━━━━━━━━━━━━━━━━━━━━━━━━━━━━━━━━━━━━━━━━━━━━━━━━━━━━━━━━━━━━━
●  TURN WOULD END BLIND - SUPERVISION IS OFF
●  1 task(s) in flight, but no live watcher holds this home lock (last beat: 161s ago).
●  watcher supervision needs Stop-owned automatic recovery; inspect the hook registration and startup status before ending the turn.
●━━━━━━━━━━━━━━━━━━━━━━━━━━━━━━━━━━━━━━━━━━━━━━━━━━━━━━━━━━━━━━━━━━━━━━━
cycle 132 FALSE-BLIND (lock /tmp/hhe1805-basehome/state/.watch.lock.owner.MSINrk held throughout):
●━━━━━━━━━━━━━━━━━━━━━━━━━━━━━━━━━━━━━━━━━━━━━━━━━━━━━━━━━━━━━━━━━━━━━━━
●  TURN WOULD END BLIND - SUPERVISION IS OFF
●  1 task(s) in flight, but no live watcher holds this home lock (last beat: 162s ago).
●  watcher supervision needs Stop-owned automatic recovery; inspect the hook registration and startup status before ending the turn.
●━━━━━━━━━━━━━━━━━━━━━━━━━━━━━━━━━━━━━━━━━━━━━━━━━━━━━━━━━━━━━━━━━━━━━━━
cycle 133 FALSE-BLIND (lock /tmp/hhe1805-basehome/state/.watch.lock.owner.MSINrk held throughout):
●━━━━━━━━━━━━━━━━━━━━━━━━━━━━━━━━━━━━━━━━━━━━━━━━━━━━━━━━━━━━━━━━━━━━━━━
●  TURN WOULD END BLIND - SUPERVISION IS OFF
●  1 task(s) in flight, but no live watcher holds this home lock (last beat: 163s ago).
●  watcher supervision needs Stop-owned automatic recovery; inspect the hook registration and startup status before ending the turn.
●━━━━━━━━━━━━━━━━━━━━━━━━━━━━━━━━━━━━━━━━━━━━━━━━━━━━━━━━━━━━━━━━━━━━━━━
cycle 134 FALSE-BLIND (lock /tmp/hhe1805-basehome/state/.watch.lock.owner.MSINrk held throughout):
●━━━━━━━━━━━━━━━━━━━━━━━━━━━━━━━━━━━━━━━━━━━━━━━━━━━━━━━━━━━━━━━━━━━━━━━
●  TURN WOULD END BLIND - SUPERVISION IS OFF
●  1 task(s) in flight, but no live watcher holds this home lock (last beat: 164s ago).
●  watcher supervision needs Stop-owned automatic recovery; inspect the hook registration and startup status before ending the turn.
●━━━━━━━━━━━━━━━━━━━━━━━━━━━━━━━━━━━━━━━━━━━━━━━━━━━━━━━━━━━━━━━━━━━━━━━
cycle 135 FALSE-BLIND (lock /tmp/hhe1805-basehome/state/.watch.lock.owner.MSINrk held throughout):
●━━━━━━━━━━━━━━━━━━━━━━━━━━━━━━━━━━━━━━━━━━━━━━━━━━━━━━━━━━━━━━━━━━━━━━━
●  TURN WOULD END BLIND - SUPERVISION IS OFF
●  1 task(s) in flight, but no live watcher holds this home lock (last beat: 165s ago).
●  watcher supervision needs Stop-owned automatic recovery; inspect the hook registration and startup status before ending the turn.
●━━━━━━━━━━━━━━━━━━━━━━━━━━━━━━━━━━━━━━━━━━━━━━━━━━━━━━━━━━━━━━━━━━━━━━━
cycle 136 FALSE-BLIND (lock /tmp/hhe1805-basehome/state/.watch.lock.owner.MSINrk held throughout):
●━━━━━━━━━━━━━━━━━━━━━━━━━━━━━━━━━━━━━━━━━━━━━━━━━━━━━━━━━━━━━━━━━━━━━━━
●  TURN WOULD END BLIND - SUPERVISION IS OFF
●  1 task(s) in flight, but no live watcher holds this home lock (last beat: 167s ago).
●  watcher supervision needs Stop-owned automatic recovery; inspect the hook registration and startup status before ending the turn.
●━━━━━━━━━━━━━━━━━━━━━━━━━━━━━━━━━━━━━━━━━━━━━━━━━━━━━━━━━━━━━━━━━━━━━━━
cycle 137 FALSE-BLIND (lock /tmp/hhe1805-basehome/state/.watch.lock.owner.MSINrk held throughout):
●━━━━━━━━━━━━━━━━━━━━━━━━━━━━━━━━━━━━━━━━━━━━━━━━━━━━━━━━━━━━━━━━━━━━━━━
●  TURN WOULD END BLIND - SUPERVISION IS OFF
●  1 task(s) in flight, but no live watcher holds this home lock (last beat: 168s ago).
●  watcher supervision needs Stop-owned automatic recovery; inspect the hook registration and startup status before ending the turn.
●━━━━━━━━━━━━━━━━━━━━━━━━━━━━━━━━━━━━━━━━━━━━━━━━━━━━━━━━━━━━━━━━━━━━━━━
cycle 138 FALSE-BLIND (lock /tmp/hhe1805-basehome/state/.watch.lock.owner.MSINrk held throughout):
●━━━━━━━━━━━━━━━━━━━━━━━━━━━━━━━━━━━━━━━━━━━━━━━━━━━━━━━━━━━━━━━━━━━━━━━
●  TURN WOULD END BLIND - SUPERVISION IS OFF
●  1 task(s) in flight, but no live watcher holds this home lock (last beat: 169s ago).
●  watcher supervision needs Stop-owned automatic recovery; inspect the hook registration and startup status before ending the turn.
●━━━━━━━━━━━━━━━━━━━━━━━━━━━━━━━━━━━━━━━━━━━━━━━━━━━━━━━━━━━━━━━━━━━━━━━
cycle 139 FALSE-BLIND (lock /tmp/hhe1805-basehome/state/.watch.lock.owner.MSINrk held throughout):
●━━━━━━━━━━━━━━━━━━━━━━━━━━━━━━━━━━━━━━━━━━━━━━━━━━━━━━━━━━━━━━━━━━━━━━━
●  TURN WOULD END BLIND - SUPERVISION IS OFF
●  1 task(s) in flight, but no live watcher holds this home lock (last beat: 170s ago).
●  watcher supervision needs Stop-owned automatic recovery; inspect the hook registration and startup status before ending the turn.
●━━━━━━━━━━━━━━━━━━━━━━━━━━━━━━━━━━━━━━━━━━━━━━━━━━━━━━━━━━━━━━━━━━━━━━━
cycle 140 FALSE-BLIND (lock /tmp/hhe1805-basehome/state/.watch.lock.owner.MSINrk held throughout):
●━━━━━━━━━━━━━━━━━━━━━━━━━━━━━━━━━━━━━━━━━━━━━━━━━━━━━━━━━━━━━━━━━━━━━━━
●  TURN WOULD END BLIND - SUPERVISION IS OFF
●  1 task(s) in flight, but no live watcher holds this home lock (last beat: 171s ago).
●  watcher supervision needs Stop-owned automatic recovery; inspect the hook registration and startup status before ending the turn.
●━━━━━━━━━━━━━━━━━━━━━━━━━━━━━━━━━━━━━━━━━━━━━━━━━━━━━━━━━━━━━━━━━━━━━━━
cycle 141 FALSE-BLIND (lock /tmp/hhe1805-basehome/state/.watch.lock.owner.MSINrk held throughout):
●━━━━━━━━━━━━━━━━━━━━━━━━━━━━━━━━━━━━━━━━━━━━━━━━━━━━━━━━━━━━━━━━━━━━━━━
●  TURN WOULD END BLIND - SUPERVISION IS OFF
●  1 task(s) in flight, but no live watcher holds this home lock (last beat: 173s ago).
●  watcher supervision needs Stop-owned automatic recovery; inspect the hook registration and startup status before ending the turn.
●━━━━━━━━━━━━━━━━━━━━━━━━━━━━━━━━━━━━━━━━━━━━━━━━━━━━━━━━━━━━━━━━━━━━━━━
cycle 142 FALSE-BLIND (lock /tmp/hhe1805-basehome/state/.watch.lock.owner.MSINrk held throughout):
●━━━━━━━━━━━━━━━━━━━━━━━━━━━━━━━━━━━━━━━━━━━━━━━━━━━━━━━━━━━━━━━━━━━━━━━
●  TURN WOULD END BLIND - SUPERVISION IS OFF
●  1 task(s) in flight, but no live watcher holds this home lock (last beat: 174s ago).
●  watcher supervision needs Stop-owned automatic recovery; inspect the hook registration and startup status before ending the turn.
●━━━━━━━━━━━━━━━━━━━━━━━━━━━━━━━━━━━━━━━━━━━━━━━━━━━━━━━━━━━━━━━━━━━━━━━
cycle 143 FALSE-BLIND (lock /tmp/hhe1805-basehome/state/.watch.lock.owner.MSINrk held throughout):
●━━━━━━━━━━━━━━━━━━━━━━━━━━━━━━━━━━━━━━━━━━━━━━━━━━━━━━━━━━━━━━━━━━━━━━━
●  TURN WOULD END BLIND - SUPERVISION IS OFF
●  1 task(s) in flight, but no live watcher holds this home lock (last beat: 175s ago).
●  watcher supervision needs Stop-owned automatic recovery; inspect the hook registration and startup status before ending the turn.
●━━━━━━━━━━━━━━━━━━━━━━━━━━━━━━━━━━━━━━━━━━━━━━━━━━━━━━━━━━━━━━━━━━━━━━━
cycle 144 FALSE-BLIND (lock /tmp/hhe1805-basehome/state/.watch.lock.owner.MSINrk held throughout):
●━━━━━━━━━━━━━━━━━━━━━━━━━━━━━━━━━━━━━━━━━━━━━━━━━━━━━━━━━━━━━━━━━━━━━━━
●  TURN WOULD END BLIND - SUPERVISION IS OFF
●  1 task(s) in flight, but no live watcher holds this home lock (last beat: 176s ago).
●  watcher supervision needs Stop-owned automatic recovery; inspect the hook registration and startup status before ending the turn.
●━━━━━━━━━━━━━━━━━━━━━━━━━━━━━━━━━━━━━━━━━━━━━━━━━━━━━━━━━━━━━━━━━━━━━━━
cycle 145 FALSE-BLIND (lock /tmp/hhe1805-basehome/state/.watch.lock.owner.MSINrk held throughout):
●━━━━━━━━━━━━━━━━━━━━━━━━━━━━━━━━━━━━━━━━━━━━━━━━━━━━━━━━━━━━━━━━━━━━━━━
●  TURN WOULD END BLIND - SUPERVISION IS OFF
●  1 task(s) in flight, but no live watcher holds this home lock (last beat: 177s ago).
●  watcher supervision needs Stop-owned automatic recovery; inspect the hook registration and startup status before ending the turn.
●━━━━━━━━━━━━━━━━━━━━━━━━━━━━━━━━━━━━━━━━━━━━━━━━━━━━━━━━━━━━━━━━━━━━━━━
cycle 146 FALSE-BLIND (lock /tmp/hhe1805-basehome/state/.watch.lock.owner.MSINrk held throughout):
●━━━━━━━━━━━━━━━━━━━━━━━━━━━━━━━━━━━━━━━━━━━━━━━━━━━━━━━━━━━━━━━━━━━━━━━
●  TURN WOULD END BLIND - SUPERVISION IS OFF
●  1 task(s) in flight, but no live watcher holds this home lock (last beat: 179s ago).
●  watcher supervision needs Stop-owned automatic recovery; inspect the hook registration and startup status before ending the turn.
●━━━━━━━━━━━━━━━━━━━━━━━━━━━━━━━━━━━━━━━━━━━━━━━━━━━━━━━━━━━━━━━━━━━━━━━
cycle 147 FALSE-BLIND (lock /tmp/hhe1805-basehome/state/.watch.lock.owner.MSINrk held throughout):
●━━━━━━━━━━━━━━━━━━━━━━━━━━━━━━━━━━━━━━━━━━━━━━━━━━━━━━━━━━━━━━━━━━━━━━━
●  TURN WOULD END BLIND - SUPERVISION IS OFF
●  1 task(s) in flight, but no live watcher holds this home lock (last beat: 180s ago).
●  watcher supervision needs Stop-owned automatic recovery; inspect the hook registration and startup status before ending the turn.
●━━━━━━━━━━━━━━━━━━━━━━━━━━━━━━━━━━━━━━━━━━━━━━━━━━━━━━━━━━━━━━━━━━━━━━━
cycle 148 FALSE-BLIND (lock /tmp/hhe1805-basehome/state/.watch.lock.owner.MSINrk held throughout):
●━━━━━━━━━━━━━━━━━━━━━━━━━━━━━━━━━━━━━━━━━━━━━━━━━━━━━━━━━━━━━━━━━━━━━━━
●  TURN WOULD END BLIND - SUPERVISION IS OFF
●  1 task(s) in flight, but no live watcher holds this home lock (last beat: 181s ago).
●  watcher supervision needs Stop-owned automatic recovery; inspect the hook registration and startup status before ending the turn.
●━━━━━━━━━━━━━━━━━━━━━━━━━━━━━━━━━━━━━━━━━━━━━━━━━━━━━━━━━━━━━━━━━━━━━━━
cycle 149 FALSE-BLIND (lock /tmp/hhe1805-basehome/state/.watch.lock.owner.MSINrk held throughout):
●━━━━━━━━━━━━━━━━━━━━━━━━━━━━━━━━━━━━━━━━━━━━━━━━━━━━━━━━━━━━━━━━━━━━━━━
●  TURN WOULD END BLIND - SUPERVISION IS OFF
●  1 task(s) in flight, but no live watcher holds this home lock (last beat: 182s ago).
●  watcher supervision needs Stop-owned automatic recovery; inspect the hook registration and startup status before ending the turn.
●━━━━━━━━━━━━━━━━━━━━━━━━━━━━━━━━━━━━━━━━━━━━━━━━━━━━━━━━━━━━━━━━━━━━━━━
cycle 150 FALSE-BLIND (lock /tmp/hhe1805-basehome/state/.watch.lock.owner.MSINrk held throughout):
●━━━━━━━━━━━━━━━━━━━━━━━━━━━━━━━━━━━━━━━━━━━━━━━━━━━━━━━━━━━━━━━━━━━━━━━
●  TURN WOULD END BLIND - SUPERVISION IS OFF
●  1 task(s) in flight, but no live watcher holds this home lock (last beat: 183s ago).
●  watcher supervision needs Stop-owned automatic recovery; inspect the hook registration and startup status before ending the turn.
●━━━━━━━━━━━━━━━━━━━━━━━━━━━━━━━━━━━━━━━━━━━━━━━━━━━━━━━━━━━━━━━━━━━━━━━
cycle 151 FALSE-BLIND (lock /tmp/hhe1805-basehome/state/.watch.lock.owner.MSINrk held throughout):
●━━━━━━━━━━━━━━━━━━━━━━━━━━━━━━━━━━━━━━━━━━━━━━━━━━━━━━━━━━━━━━━━━━━━━━━
●  TURN WOULD END BLIND - SUPERVISION IS OFF
●  1 task(s) in flight, but no live watcher holds this home lock (last beat: 185s ago).
●  watcher supervision needs Stop-owned automatic recovery; inspect the hook registration and startup status before ending the turn.
●━━━━━━━━━━━━━━━━━━━━━━━━━━━━━━━━━━━━━━━━━━━━━━━━━━━━━━━━━━━━━━━━━━━━━━━
cycle 152 FALSE-BLIND (lock /tmp/hhe1805-basehome/state/.watch.lock.owner.MSINrk held throughout):
●━━━━━━━━━━━━━━━━━━━━━━━━━━━━━━━━━━━━━━━━━━━━━━━━━━━━━━━━━━━━━━━━━━━━━━━
●  TURN WOULD END BLIND - SUPERVISION IS OFF
●  1 task(s) in flight, but no live watcher holds this home lock (last beat: 186s ago).
●  watcher supervision needs Stop-owned automatic recovery; inspect the hook registration and startup status before ending the turn.
●━━━━━━━━━━━━━━━━━━━━━━━━━━━━━━━━━━━━━━━━━━━━━━━━━━━━━━━━━━━━━━━━━━━━━━━
cycle 153 FALSE-BLIND (lock /tmp/hhe1805-basehome/state/.watch.lock.owner.MSINrk held throughout):
●━━━━━━━━━━━━━━━━━━━━━━━━━━━━━━━━━━━━━━━━━━━━━━━━━━━━━━━━━━━━━━━━━━━━━━━
●  TURN WOULD END BLIND - SUPERVISION IS OFF
●  1 task(s) in flight, but no live watcher holds this home lock (last beat: 187s ago).
●  watcher supervision needs Stop-owned automatic recovery; inspect the hook registration and startup status before ending the turn.
●━━━━━━━━━━━━━━━━━━━━━━━━━━━━━━━━━━━━━━━━━━━━━━━━━━━━━━━━━━━━━━━━━━━━━━━
cycle 154 FALSE-BLIND (lock /tmp/hhe1805-basehome/state/.watch.lock.owner.MSINrk held throughout):
●━━━━━━━━━━━━━━━━━━━━━━━━━━━━━━━━━━━━━━━━━━━━━━━━━━━━━━━━━━━━━━━━━━━━━━━
●  TURN WOULD END BLIND - SUPERVISION IS OFF
●  1 task(s) in flight, but no live watcher holds this home lock (last beat: 188s ago).
●  watcher supervision needs Stop-owned automatic recovery; inspect the hook registration and startup status before ending the turn.
●━━━━━━━━━━━━━━━━━━━━━━━━━━━━━━━━━━━━━━━━━━━━━━━━━━━━━━━━━━━━━━━━━━━━━━━
cycle 155 FALSE-BLIND (lock /tmp/hhe1805-basehome/state/.watch.lock.owner.MSINrk held throughout):
●━━━━━━━━━━━━━━━━━━━━━━━━━━━━━━━━━━━━━━━━━━━━━━━━━━━━━━━━━━━━━━━━━━━━━━━
●  TURN WOULD END BLIND - SUPERVISION IS OFF
●  1 task(s) in flight, but no live watcher holds this home lock (last beat: 190s ago).
●  watcher supervision needs Stop-owned automatic recovery; inspect the hook registration and startup status before ending the turn.
●━━━━━━━━━━━━━━━━━━━━━━━━━━━━━━━━━━━━━━━━━━━━━━━━━━━━━━━━━━━━━━━━━━━━━━━
cycle 156 FALSE-BLIND (lock /tmp/hhe1805-basehome/state/.watch.lock.owner.MSINrk held throughout):
●━━━━━━━━━━━━━━━━━━━━━━━━━━━━━━━━━━━━━━━━━━━━━━━━━━━━━━━━━━━━━━━━━━━━━━━
●  TURN WOULD END BLIND - SUPERVISION IS OFF
●  1 task(s) in flight, but no live watcher holds this home lock (last beat: 191s ago).
●  watcher supervision needs Stop-owned automatic recovery; inspect the hook registration and startup status before ending the turn.
●━━━━━━━━━━━━━━━━━━━━━━━━━━━━━━━━━━━━━━━━━━━━━━━━━━━━━━━━━━━━━━━━━━━━━━━
cycle 157 FALSE-BLIND (lock /tmp/hhe1805-basehome/state/.watch.lock.owner.MSINrk held throughout):
●━━━━━━━━━━━━━━━━━━━━━━━━━━━━━━━━━━━━━━━━━━━━━━━━━━━━━━━━━━━━━━━━━━━━━━━
●  TURN WOULD END BLIND - SUPERVISION IS OFF
●  1 task(s) in flight, but no live watcher holds this home lock (last beat: 192s ago).
●  watcher supervision needs Stop-owned automatic recovery; inspect the hook registration and startup status before ending the turn.
●━━━━━━━━━━━━━━━━━━━━━━━━━━━━━━━━━━━━━━━━━━━━━━━━━━━━━━━━━━━━━━━━━━━━━━━
cycle 158 FALSE-BLIND (lock /tmp/hhe1805-basehome/state/.watch.lock.owner.MSINrk held throughout):
●━━━━━━━━━━━━━━━━━━━━━━━━━━━━━━━━━━━━━━━━━━━━━━━━━━━━━━━━━━━━━━━━━━━━━━━
●  TURN WOULD END BLIND - SUPERVISION IS OFF
●  1 task(s) in flight, but no live watcher holds this home lock (last beat: 193s ago).
●  watcher supervision needs Stop-owned automatic recovery; inspect the hook registration and startup status before ending the turn.
●━━━━━━━━━━━━━━━━━━━━━━━━━━━━━━━━━━━━━━━━━━━━━━━━━━━━━━━━━━━━━━━━━━━━━━━
cycle 159 FALSE-BLIND (lock /tmp/hhe1805-basehome/state/.watch.lock.owner.MSINrk held throughout):
●━━━━━━━━━━━━━━━━━━━━━━━━━━━━━━━━━━━━━━━━━━━━━━━━━━━━━━━━━━━━━━━━━━━━━━━
●  TURN WOULD END BLIND - SUPERVISION IS OFF
●  1 task(s) in flight, but no live watcher holds this home lock (last beat: 194s ago).
●  watcher supervision needs Stop-owned automatic recovery; inspect the hook registration and startup status before ending the turn.
●━━━━━━━━━━━━━━━━━━━━━━━━━━━━━━━━━━━━━━━━━━━━━━━━━━━━━━━━━━━━━━━━━━━━━━━
cycle 160 FALSE-BLIND (lock /tmp/hhe1805-basehome/state/.watch.lock.owner.MSINrk held throughout):
●━━━━━━━━━━━━━━━━━━━━━━━━━━━━━━━━━━━━━━━━━━━━━━━━━━━━━━━━━━━━━━━━━━━━━━━
●  TURN WOULD END BLIND - SUPERVISION IS OFF
●  1 task(s) in flight, but no live watcher holds this home lock (last beat: 196s ago).
●  watcher supervision needs Stop-owned automatic recovery; inspect the hook registration and startup status before ending the turn.
●━━━━━━━━━━━━━━━━━━━━━━━━━━━━━━━━━━━━━━━━━━━━━━━━━━━━━━━━━━━━━━━━━━━━━━━
cycle 161 FALSE-BLIND (lock /tmp/hhe1805-basehome/state/.watch.lock.owner.MSINrk held throughout):
●━━━━━━━━━━━━━━━━━━━━━━━━━━━━━━━━━━━━━━━━━━━━━━━━━━━━━━━━━━━━━━━━━━━━━━━
●  TURN WOULD END BLIND - SUPERVISION IS OFF
●  1 task(s) in flight, but no live watcher holds this home lock (last beat: 197s ago).
●  watcher supervision needs Stop-owned automatic recovery; inspect the hook registration and startup status before ending the turn.
●━━━━━━━━━━━━━━━━━━━━━━━━━━━━━━━━━━━━━━━━━━━━━━━━━━━━━━━━━━━━━━━━━━━━━━━
cycle 162 FALSE-BLIND (lock /tmp/hhe1805-basehome/state/.watch.lock.owner.MSINrk held throughout):
●━━━━━━━━━━━━━━━━━━━━━━━━━━━━━━━━━━━━━━━━━━━━━━━━━━━━━━━━━━━━━━━━━━━━━━━
●  TURN WOULD END BLIND - SUPERVISION IS OFF
●  1 task(s) in flight, but no live watcher holds this home lock (last beat: 198s ago).
●  watcher supervision needs Stop-owned automatic recovery; inspect the hook registration and startup status before ending the turn.
●━━━━━━━━━━━━━━━━━━━━━━━━━━━━━━━━━━━━━━━━━━━━━━━━━━━━━━━━━━━━━━━━━━━━━━━
cycle 163 FALSE-BLIND (lock /tmp/hhe1805-basehome/state/.watch.lock.owner.MSINrk held throughout):
●━━━━━━━━━━━━━━━━━━━━━━━━━━━━━━━━━━━━━━━━━━━━━━━━━━━━━━━━━━━━━━━━━━━━━━━
●  TURN WOULD END BLIND - SUPERVISION IS OFF
●  1 task(s) in flight, but no live watcher holds this home lock (last beat: 199s ago).
●  watcher supervision needs Stop-owned automatic recovery; inspect the hook registration and startup status before ending the turn.
●━━━━━━━━━━━━━━━━━━━━━━━━━━━━━━━━━━━━━━━━━━━━━━━━━━━━━━━━━━━━━━━━━━━━━━━
cycle 164 FALSE-BLIND (lock /tmp/hhe1805-basehome/state/.watch.lock.owner.MSINrk held throughout):
●━━━━━━━━━━━━━━━━━━━━━━━━━━━━━━━━━━━━━━━━━━━━━━━━━━━━━━━━━━━━━━━━━━━━━━━
●  TURN WOULD END BLIND - SUPERVISION IS OFF
●  1 task(s) in flight, but no live watcher holds this home lock (last beat: 200s ago).
●  watcher supervision needs Stop-owned automatic recovery; inspect the hook registration and startup status before ending the turn.
●━━━━━━━━━━━━━━━━━━━━━━━━━━━━━━━━━━━━━━━━━━━━━━━━━━━━━━━━━━━━━━━━━━━━━━━
cycle 165 FALSE-BLIND (lock /tmp/hhe1805-basehome/state/.watch.lock.owner.MSINrk held throughout):
●━━━━━━━━━━━━━━━━━━━━━━━━━━━━━━━━━━━━━━━━━━━━━━━━━━━━━━━━━━━━━━━━━━━━━━━
●  TURN WOULD END BLIND - SUPERVISION IS OFF
●  1 task(s) in flight, but no live watcher holds this home lock (last beat: 201s ago).
●  watcher supervision needs Stop-owned automatic recovery; inspect the hook registration and startup status before ending the turn.
●━━━━━━━━━━━━━━━━━━━━━━━━━━━━━━━━━━━━━━━━━━━━━━━━━━━━━━━━━━━━━━━━━━━━━━━
cycle 166 FALSE-BLIND (lock /tmp/hhe1805-basehome/state/.watch.lock.owner.MSINrk held throughout):
●━━━━━━━━━━━━━━━━━━━━━━━━━━━━━━━━━━━━━━━━━━━━━━━━━━━━━━━━━━━━━━━━━━━━━━━
●  TURN WOULD END BLIND - SUPERVISION IS OFF
●  1 task(s) in flight, but no live watcher holds this home lock (last beat: 203s ago).
●  watcher supervision needs Stop-owned automatic recovery; inspect the hook registration and startup status before ending the turn.
●━━━━━━━━━━━━━━━━━━━━━━━━━━━━━━━━━━━━━━━━━━━━━━━━━━━━━━━━━━━━━━━━━━━━━━━
cycle 167 FALSE-BLIND (lock /tmp/hhe1805-basehome/state/.watch.lock.owner.MSINrk held throughout):
●━━━━━━━━━━━━━━━━━━━━━━━━━━━━━━━━━━━━━━━━━━━━━━━━━━━━━━━━━━━━━━━━━━━━━━━
●  TURN WOULD END BLIND - SUPERVISION IS OFF
●  1 task(s) in flight, but no live watcher holds this home lock (last beat: 204s ago).
●  watcher supervision needs Stop-owned automatic recovery; inspect the hook registration and startup status before ending the turn.
●━━━━━━━━━━━━━━━━━━━━━━━━━━━━━━━━━━━━━━━━━━━━━━━━━━━━━━━━━━━━━━━━━━━━━━━
cycle 168 FALSE-BLIND (lock /tmp/hhe1805-basehome/state/.watch.lock.owner.MSINrk held throughout):
●━━━━━━━━━━━━━━━━━━━━━━━━━━━━━━━━━━━━━━━━━━━━━━━━━━━━━━━━━━━━━━━━━━━━━━━
●  TURN WOULD END BLIND - SUPERVISION IS OFF
●  1 task(s) in flight, but no live watcher holds this home lock (last beat: 205s ago).
●  watcher supervision needs Stop-owned automatic recovery; inspect the hook registration and startup status before ending the turn.
●━━━━━━━━━━━━━━━━━━━━━━━━━━━━━━━━━━━━━━━━━━━━━━━━━━━━━━━━━━━━━━━━━━━━━━━
cycle 169 FALSE-BLIND (lock /tmp/hhe1805-basehome/state/.watch.lock.owner.MSINrk held throughout):
●━━━━━━━━━━━━━━━━━━━━━━━━━━━━━━━━━━━━━━━━━━━━━━━━━━━━━━━━━━━━━━━━━━━━━━━
●  TURN WOULD END BLIND - SUPERVISION IS OFF
●  1 task(s) in flight, but no live watcher holds this home lock (last beat: 206s ago).
●  watcher supervision needs Stop-owned automatic recovery; inspect the hook registration and startup status before ending the turn.
●━━━━━━━━━━━━━━━━━━━━━━━━━━━━━━━━━━━━━━━━━━━━━━━━━━━━━━━━━━━━━━━━━━━━━━━
cycle 170 FALSE-BLIND (lock /tmp/hhe1805-basehome/state/.watch.lock.owner.MSINrk held throughout):
●━━━━━━━━━━━━━━━━━━━━━━━━━━━━━━━━━━━━━━━━━━━━━━━━━━━━━━━━━━━━━━━━━━━━━━━
●  TURN WOULD END BLIND - SUPERVISION IS OFF
●  1 task(s) in flight, but no live watcher holds this home lock (last beat: 207s ago).
●  watcher supervision needs Stop-owned automatic recovery; inspect the hook registration and startup status before ending the turn.
●━━━━━━━━━━━━━━━━━━━━━━━━━━━━━━━━━━━━━━━━━━━━━━━━━━━━━━━━━━━━━━━━━━━━━━━
cycle 171 FALSE-BLIND (lock /tmp/hhe1805-basehome/state/.watch.lock.owner.MSINrk held throughout):
●━━━━━━━━━━━━━━━━━━━━━━━━━━━━━━━━━━━━━━━━━━━━━━━━━━━━━━━━━━━━━━━━━━━━━━━
●  TURN WOULD END BLIND - SUPERVISION IS OFF
●  1 task(s) in flight, but no live watcher holds this home lock (last beat: 209s ago).
●  watcher supervision needs Stop-owned automatic recovery; inspect the hook registration and startup status before ending the turn.
●━━━━━━━━━━━━━━━━━━━━━━━━━━━━━━━━━━━━━━━━━━━━━━━━━━━━━━━━━━━━━━━━━━━━━━━
cycle 172 FALSE-BLIND (lock /tmp/hhe1805-basehome/state/.watch.lock.owner.MSINrk held throughout):
●━━━━━━━━━━━━━━━━━━━━━━━━━━━━━━━━━━━━━━━━━━━━━━━━━━━━━━━━━━━━━━━━━━━━━━━
●  TURN WOULD END BLIND - SUPERVISION IS OFF
●  1 task(s) in flight, but no live watcher holds this home lock (last beat: 210s ago).
●  watcher supervision needs Stop-owned automatic recovery; inspect the hook registration and startup status before ending the turn.
●━━━━━━━━━━━━━━━━━━━━━━━━━━━━━━━━━━━━━━━━━━━━━━━━━━━━━━━━━━━━━━━━━━━━━━━
cycle 173 FALSE-BLIND (lock /tmp/hhe1805-basehome/state/.watch.lock.owner.MSINrk held throughout):
●━━━━━━━━━━━━━━━━━━━━━━━━━━━━━━━━━━━━━━━━━━━━━━━━━━━━━━━━━━━━━━━━━━━━━━━
●  TURN WOULD END BLIND - SUPERVISION IS OFF
●  1 task(s) in flight, but no live watcher holds this home lock (last beat: 211s ago).
●  watcher supervision needs Stop-owned automatic recovery; inspect the hook registration and startup status before ending the turn.
●━━━━━━━━━━━━━━━━━━━━━━━━━━━━━━━━━━━━━━━━━━━━━━━━━━━━━━━━━━━━━━━━━━━━━━━
cycle 174 FALSE-BLIND (lock /tmp/hhe1805-basehome/state/.watch.lock.owner.MSINrk held throughout):
●━━━━━━━━━━━━━━━━━━━━━━━━━━━━━━━━━━━━━━━━━━━━━━━━━━━━━━━━━━━━━━━━━━━━━━━
●  TURN WOULD END BLIND - SUPERVISION IS OFF
●  1 task(s) in flight, but no live watcher holds this home lock (last beat: 212s ago).
●  watcher supervision needs Stop-owned automatic recovery; inspect the hook registration and startup status before ending the turn.
●━━━━━━━━━━━━━━━━━━━━━━━━━━━━━━━━━━━━━━━━━━━━━━━━━━━━━━━━━━━━━━━━━━━━━━━
cycle 175 FALSE-BLIND (lock /tmp/hhe1805-basehome/state/.watch.lock.owner.MSINrk held throughout):
●━━━━━━━━━━━━━━━━━━━━━━━━━━━━━━━━━━━━━━━━━━━━━━━━━━━━━━━━━━━━━━━━━━━━━━━
●  TURN WOULD END BLIND - SUPERVISION IS OFF
●  1 task(s) in flight, but no live watcher holds this home lock (last beat: 214s ago).
●  watcher supervision needs Stop-owned automatic recovery; inspect the hook registration and startup status before ending the turn.
●━━━━━━━━━━━━━━━━━━━━━━━━━━━━━━━━━━━━━━━━━━━━━━━━━━━━━━━━━━━━━━━━━━━━━━━
cycle 176 FALSE-BLIND (lock /tmp/hhe1805-basehome/state/.watch.lock.owner.MSINrk held throughout):
●━━━━━━━━━━━━━━━━━━━━━━━━━━━━━━━━━━━━━━━━━━━━━━━━━━━━━━━━━━━━━━━━━━━━━━━
●  TURN WOULD END BLIND - SUPERVISION IS OFF
●  1 task(s) in flight, but no live watcher holds this home lock (last beat: 215s ago).
●  watcher supervision needs Stop-owned automatic recovery; inspect the hook registration and startup status before ending the turn.
●━━━━━━━━━━━━━━━━━━━━━━━━━━━━━━━━━━━━━━━━━━━━━━━━━━━━━━━━━━━━━━━━━━━━━━━
cycle 177 FALSE-BLIND (lock /tmp/hhe1805-basehome/state/.watch.lock.owner.MSINrk held throughout):
●━━━━━━━━━━━━━━━━━━━━━━━━━━━━━━━━━━━━━━━━━━━━━━━━━━━━━━━━━━━━━━━━━━━━━━━
●  TURN WOULD END BLIND - SUPERVISION IS OFF
●  1 task(s) in flight, but no live watcher holds this home lock (last beat: 216s ago).
●  watcher supervision needs Stop-owned automatic recovery; inspect the hook registration and startup status before ending the turn.
●━━━━━━━━━━━━━━━━━━━━━━━━━━━━━━━━━━━━━━━━━━━━━━━━━━━━━━━━━━━━━━━━━━━━━━━
cycle 178 FALSE-BLIND (lock /tmp/hhe1805-basehome/state/.watch.lock.owner.MSINrk held throughout):
●━━━━━━━━━━━━━━━━━━━━━━━━━━━━━━━━━━━━━━━━━━━━━━━━━━━━━━━━━━━━━━━━━━━━━━━
●  TURN WOULD END BLIND - SUPERVISION IS OFF
●  1 task(s) in flight, but no live watcher holds this home lock (last beat: 217s ago).
●  watcher supervision needs Stop-owned automatic recovery; inspect the hook registration and startup status before ending the turn.
●━━━━━━━━━━━━━━━━━━━━━━━━━━━━━━━━━━━━━━━━━━━━━━━━━━━━━━━━━━━━━━━━━━━━━━━
cycle 179 FALSE-BLIND (lock /tmp/hhe1805-basehome/state/.watch.lock.owner.MSINrk held throughout):
●━━━━━━━━━━━━━━━━━━━━━━━━━━━━━━━━━━━━━━━━━━━━━━━━━━━━━━━━━━━━━━━━━━━━━━━
●  TURN WOULD END BLIND - SUPERVISION IS OFF
●  1 task(s) in flight, but no live watcher holds this home lock (last beat: 218s ago).
●  watcher supervision needs Stop-owned automatic recovery; inspect the hook registration and startup status before ending the turn.
●━━━━━━━━━━━━━━━━━━━━━━━━━━━━━━━━━━━━━━━━━━━━━━━━━━━━━━━━━━━━━━━━━━━━━━━
cycle 180 FALSE-BLIND (lock /tmp/hhe1805-basehome/state/.watch.lock.owner.MSINrk held throughout):
●━━━━━━━━━━━━━━━━━━━━━━━━━━━━━━━━━━━━━━━━━━━━━━━━━━━━━━━━━━━━━━━━━━━━━━━
●  TURN WOULD END BLIND - SUPERVISION IS OFF
●  1 task(s) in flight, but no live watcher holds this home lock (last beat: 220s ago).
●  watcher supervision needs Stop-owned automatic recovery; inspect the hook registration and startup status before ending the turn.
●━━━━━━━━━━━━━━━━━━━━━━━━━━━━━━━━━━━━━━━━━━━━━━━━━━━━━━━━━━━━━━━━━━━━━━━
cycle 181 FALSE-BLIND (lock /tmp/hhe1805-basehome/state/.watch.lock.owner.MSINrk held throughout):
●━━━━━━━━━━━━━━━━━━━━━━━━━━━━━━━━━━━━━━━━━━━━━━━━━━━━━━━━━━━━━━━━━━━━━━━
●  TURN WOULD END BLIND - SUPERVISION IS OFF
●  1 task(s) in flight, but no live watcher holds this home lock (last beat: 221s ago).
●  watcher supervision needs Stop-owned automatic recovery; inspect the hook registration and startup status before ending the turn.
●━━━━━━━━━━━━━━━━━━━━━━━━━━━━━━━━━━━━━━━━━━━━━━━━━━━━━━━━━━━━━━━━━━━━━━━
cycle 182 FALSE-BLIND (lock /tmp/hhe1805-basehome/state/.watch.lock.owner.MSINrk held throughout):
●━━━━━━━━━━━━━━━━━━━━━━━━━━━━━━━━━━━━━━━━━━━━━━━━━━━━━━━━━━━━━━━━━━━━━━━
●  TURN WOULD END BLIND - SUPERVISION IS OFF
●  1 task(s) in flight, but no live watcher holds this home lock (last beat: 222s ago).
●  watcher supervision needs Stop-owned automatic recovery; inspect the hook registration and startup status before ending the turn.
●━━━━━━━━━━━━━━━━━━━━━━━━━━━━━━━━━━━━━━━━━━━━━━━━━━━━━━━━━━━━━━━━━━━━━━━
cycle 183 FALSE-BLIND (lock /tmp/hhe1805-basehome/state/.watch.lock.owner.MSINrk held throughout):
●━━━━━━━━━━━━━━━━━━━━━━━━━━━━━━━━━━━━━━━━━━━━━━━━━━━━━━━━━━━━━━━━━━━━━━━
●  TURN WOULD END BLIND - SUPERVISION IS OFF
●  1 task(s) in flight, but no live watcher holds this home lock (last beat: 223s ago).
●  watcher supervision needs Stop-owned automatic recovery; inspect the hook registration and startup status before ending the turn.
●━━━━━━━━━━━━━━━━━━━━━━━━━━━━━━━━━━━━━━━━━━━━━━━━━━━━━━━━━━━━━━━━━━━━━━━
cycle 184 FALSE-BLIND (lock /tmp/hhe1805-basehome/state/.watch.lock.owner.MSINrk held throughout):
●━━━━━━━━━━━━━━━━━━━━━━━━━━━━━━━━━━━━━━━━━━━━━━━━━━━━━━━━━━━━━━━━━━━━━━━
●  TURN WOULD END BLIND - SUPERVISION IS OFF
●  1 task(s) in flight, but no live watcher holds this home lock (last beat: 224s ago).
●  watcher supervision needs Stop-owned automatic recovery; inspect the hook registration and startup status before ending the turn.
●━━━━━━━━━━━━━━━━━━━━━━━━━━━━━━━━━━━━━━━━━━━━━━━━━━━━━━━━━━━━━━━━━━━━━━━
cycle 185 FALSE-BLIND (lock /tmp/hhe1805-basehome/state/.watch.lock.owner.MSINrk held throughout):
●━━━━━━━━━━━━━━━━━━━━━━━━━━━━━━━━━━━━━━━━━━━━━━━━━━━━━━━━━━━━━━━━━━━━━━━
●  TURN WOULD END BLIND - SUPERVISION IS OFF
●  1 task(s) in flight, but no live watcher holds this home lock (last beat: 225s ago).
●  watcher supervision needs Stop-owned automatic recovery; inspect the hook registration and startup status before ending the turn.
●━━━━━━━━━━━━━━━━━━━━━━━━━━━━━━━━━━━━━━━━━━━━━━━━━━━━━━━━━━━━━━━━━━━━━━━
cycle 186 FALSE-BLIND (lock /tmp/hhe1805-basehome/state/.watch.lock.owner.MSINrk held throughout):
●━━━━━━━━━━━━━━━━━━━━━━━━━━━━━━━━━━━━━━━━━━━━━━━━━━━━━━━━━━━━━━━━━━━━━━━
●  TURN WOULD END BLIND - SUPERVISION IS OFF
●  1 task(s) in flight, but no live watcher holds this home lock (last beat: 227s ago).
●  watcher supervision needs Stop-owned automatic recovery; inspect the hook registration and startup status before ending the turn.
●━━━━━━━━━━━━━━━━━━━━━━━━━━━━━━━━━━━━━━━━━━━━━━━━━━━━━━━━━━━━━━━━━━━━━━━
cycle 187 FALSE-BLIND (lock /tmp/hhe1805-basehome/state/.watch.lock.owner.MSINrk held throughout):
●━━━━━━━━━━━━━━━━━━━━━━━━━━━━━━━━━━━━━━━━━━━━━━━━━━━━━━━━━━━━━━━━━━━━━━━
●  TURN WOULD END BLIND - SUPERVISION IS OFF
●  1 task(s) in flight, but no live watcher holds this home lock (last beat: 228s ago).
●  watcher supervision needs Stop-owned automatic recovery; inspect the hook registration and startup status before ending the turn.
●━━━━━━━━━━━━━━━━━━━━━━━━━━━━━━━━━━━━━━━━━━━━━━━━━━━━━━━━━━━━━━━━━━━━━━━
cycle 188 FALSE-BLIND (lock /tmp/hhe1805-basehome/state/.watch.lock.owner.MSINrk held throughout):
●━━━━━━━━━━━━━━━━━━━━━━━━━━━━━━━━━━━━━━━━━━━━━━━━━━━━━━━━━━━━━━━━━━━━━━━
●  TURN WOULD END BLIND - SUPERVISION IS OFF
●  1 task(s) in flight, but no live watcher holds this home lock (last beat: 229s ago).
●  watcher supervision needs Stop-owned automatic recovery; inspect the hook registration and startup status before ending the turn.
●━━━━━━━━━━━━━━━━━━━━━━━━━━━━━━━━━━━━━━━━━━━━━━━━━━━━━━━━━━━━━━━━━━━━━━━
cycle 189 FALSE-BLIND (lock /tmp/hhe1805-basehome/state/.watch.lock.owner.MSINrk held throughout):
●━━━━━━━━━━━━━━━━━━━━━━━━━━━━━━━━━━━━━━━━━━━━━━━━━━━━━━━━━━━━━━━━━━━━━━━
●  TURN WOULD END BLIND - SUPERVISION IS OFF
●  1 task(s) in flight, but no live watcher holds this home lock (last beat: 230s ago).
●  watcher supervision needs Stop-owned automatic recovery; inspect the hook registration and startup status before ending the turn.
●━━━━━━━━━━━━━━━━━━━━━━━━━━━━━━━━━━━━━━━━━━━━━━━━━━━━━━━━━━━━━━━━━━━━━━━
cycle 190 FALSE-BLIND (lock /tmp/hhe1805-basehome/state/.watch.lock.owner.MSINrk held throughout):
●━━━━━━━━━━━━━━━━━━━━━━━━━━━━━━━━━━━━━━━━━━━━━━━━━━━━━━━━━━━━━━━━━━━━━━━
●  TURN WOULD END BLIND - SUPERVISION IS OFF
●  1 task(s) in flight, but no live watcher holds this home lock (last beat: 231s ago).
●  watcher supervision needs Stop-owned automatic recovery; inspect the hook registration and startup status before ending the turn.
●━━━━━━━━━━━━━━━━━━━━━━━━━━━━━━━━━━━━━━━━━━━━━━━━━━━━━━━━━━━━━━━━━━━━━━━
cycle 191 FALSE-BLIND (lock /tmp/hhe1805-basehome/state/.watch.lock.owner.MSINrk held throughout):
●━━━━━━━━━━━━━━━━━━━━━━━━━━━━━━━━━━━━━━━━━━━━━━━━━━━━━━━━━━━━━━━━━━━━━━━
●  TURN WOULD END BLIND - SUPERVISION IS OFF
●  1 task(s) in flight, but no live watcher holds this home lock (last beat: 233s ago).
●  watcher supervision needs Stop-owned automatic recovery; inspect the hook registration and startup status before ending the turn.
●━━━━━━━━━━━━━━━━━━━━━━━━━━━━━━━━━━━━━━━━━━━━━━━━━━━━━━━━━━━━━━━━━━━━━━━
cycle 192 FALSE-BLIND (lock /tmp/hhe1805-basehome/state/.watch.lock.owner.MSINrk held throughout):
●━━━━━━━━━━━━━━━━━━━━━━━━━━━━━━━━━━━━━━━━━━━━━━━━━━━━━━━━━━━━━━━━━━━━━━━
●  TURN WOULD END BLIND - SUPERVISION IS OFF
●  1 task(s) in flight, but no live watcher holds this home lock (last beat: 234s ago).
●  watcher supervision needs Stop-owned automatic recovery; inspect the hook registration and startup status before ending the turn.
●━━━━━━━━━━━━━━━━━━━━━━━━━━━━━━━━━━━━━━━━━━━━━━━━━━━━━━━━━━━━━━━━━━━━━━━
cycle 193 FALSE-BLIND (lock /tmp/hhe1805-basehome/state/.watch.lock.owner.MSINrk held throughout):
●━━━━━━━━━━━━━━━━━━━━━━━━━━━━━━━━━━━━━━━━━━━━━━━━━━━━━━━━━━━━━━━━━━━━━━━
●  TURN WOULD END BLIND - SUPERVISION IS OFF
●  1 task(s) in flight, but no live watcher holds this home lock (last beat: 235s ago).
●  watcher supervision needs Stop-owned automatic recovery; inspect the hook registration and startup status before ending the turn.
●━━━━━━━━━━━━━━━━━━━━━━━━━━━━━━━━━━━━━━━━━━━━━━━━━━━━━━━━━━━━━━━━━━━━━━━
cycle 194 FALSE-BLIND (lock /tmp/hhe1805-basehome/state/.watch.lock.owner.MSINrk held throughout):
●━━━━━━━━━━━━━━━━━━━━━━━━━━━━━━━━━━━━━━━━━━━━━━━━━━━━━━━━━━━━━━━━━━━━━━━
●  TURN WOULD END BLIND - SUPERVISION IS OFF
●  1 task(s) in flight, but no live watcher holds this home lock (last beat: 236s ago).
●  watcher supervision needs Stop-owned automatic recovery; inspect the hook registration and startup status before ending the turn.
●━━━━━━━━━━━━━━━━━━━━━━━━━━━━━━━━━━━━━━━━━━━━━━━━━━━━━━━━━━━━━━━━━━━━━━━
cycle 195 FALSE-BLIND (lock /tmp/hhe1805-basehome/state/.watch.lock.owner.MSINrk held throughout):
●━━━━━━━━━━━━━━━━━━━━━━━━━━━━━━━━━━━━━━━━━━━━━━━━━━━━━━━━━━━━━━━━━━━━━━━
●  TURN WOULD END BLIND - SUPERVISION IS OFF
●  1 task(s) in flight, but no live watcher holds this home lock (last beat: 237s ago).
●  watcher supervision needs Stop-owned automatic recovery; inspect the hook registration and startup status before ending the turn.
●━━━━━━━━━━━━━━━━━━━━━━━━━━━━━━━━━━━━━━━━━━━━━━━━━━━━━━━━━━━━━━━━━━━━━━━
cycle 196 FALSE-BLIND (lock /tmp/hhe1805-basehome/state/.watch.lock.owner.MSINrk held throughout):
●━━━━━━━━━━━━━━━━━━━━━━━━━━━━━━━━━━━━━━━━━━━━━━━━━━━━━━━━━━━━━━━━━━━━━━━
●  TURN WOULD END BLIND - SUPERVISION IS OFF
●  1 task(s) in flight, but no live watcher holds this home lock (last beat: 238s ago).
●  watcher supervision needs Stop-owned automatic recovery; inspect the hook registration and startup status before ending the turn.
●━━━━━━━━━━━━━━━━━━━━━━━━━━━━━━━━━━━━━━━━━━━━━━━━━━━━━━━━━━━━━━━━━━━━━━━
cycle 197 FALSE-BLIND (lock /tmp/hhe1805-basehome/state/.watch.lock.owner.MSINrk held throughout):
●━━━━━━━━━━━━━━━━━━━━━━━━━━━━━━━━━━━━━━━━━━━━━━━━━━━━━━━━━━━━━━━━━━━━━━━
●  TURN WOULD END BLIND - SUPERVISION IS OFF
●  1 task(s) in flight, but no live watcher holds this home lock (last beat: 240s ago).
●  watcher supervision needs Stop-owned automatic recovery; inspect the hook registration and startup status before ending the turn.
●━━━━━━━━━━━━━━━━━━━━━━━━━━━━━━━━━━━━━━━━━━━━━━━━━━━━━━━━━━━━━━━━━━━━━━━
cycle 198 FALSE-BLIND (lock /tmp/hhe1805-basehome/state/.watch.lock.owner.MSINrk held throughout):
●━━━━━━━━━━━━━━━━━━━━━━━━━━━━━━━━━━━━━━━━━━━━━━━━━━━━━━━━━━━━━━━━━━━━━━━
●  TURN WOULD END BLIND - SUPERVISION IS OFF
●  1 task(s) in flight, but no live watcher holds this home lock (last beat: 241s ago).
●  watcher supervision needs Stop-owned automatic recovery; inspect the hook registration and startup status before ending the turn.
●━━━━━━━━━━━━━━━━━━━━━━━━━━━━━━━━━━━━━━━━━━━━━━━━━━━━━━━━━━━━━━━━━━━━━━━
cycle 199 FALSE-BLIND (lock /tmp/hhe1805-basehome/state/.watch.lock.owner.MSINrk held throughout):
●━━━━━━━━━━━━━━━━━━━━━━━━━━━━━━━━━━━━━━━━━━━━━━━━━━━━━━━━━━━━━━━━━━━━━━━
●  TURN WOULD END BLIND - SUPERVISION IS OFF
●  1 task(s) in flight, but no live watcher holds this home lock (last beat: 242s ago).
●  watcher supervision needs Stop-owned automatic recovery; inspect the hook registration and startup status before ending the turn.
●━━━━━━━━━━━━━━━━━━━━━━━━━━━━━━━━━━━━━━━━━━━━━━━━━━━━━━━━━━━━━━━━━━━━━━━
cycle 200 FALSE-BLIND (lock /tmp/hhe1805-basehome/state/.watch.lock.owner.MSINrk held throughout):
●━━━━━━━━━━━━━━━━━━━━━━━━━━━━━━━━━━━━━━━━━━━━━━━━━━━━━━━━━━━━━━━━━━━━━━━
●  TURN WOULD END BLIND - SUPERVISION IS OFF
●  1 task(s) in flight, but no live watcher holds this home lock (last beat: 243s ago).
●  watcher supervision needs Stop-owned automatic recovery; inspect the hook registration and startup status before ending the turn.
●━━━━━━━━━━━━━━━━━━━━━━━━━━━━━━━━━━━━━━━━━━━━━━━━━━━━━━━━━━━━━━━━━━━━━━━
cycle 201 FALSE-BLIND (lock /tmp/hhe1805-basehome/state/.watch.lock.owner.MSINrk held throughout):
●━━━━━━━━━━━━━━━━━━━━━━━━━━━━━━━━━━━━━━━━━━━━━━━━━━━━━━━━━━━━━━━━━━━━━━━
●  TURN WOULD END BLIND - SUPERVISION IS OFF
●  1 task(s) in flight, but no live watcher holds this home lock (last beat: 244s ago).
●  watcher supervision needs Stop-owned automatic recovery; inspect the hook registration and startup status before ending the turn.
●━━━━━━━━━━━━━━━━━━━━━━━━━━━━━━━━━━━━━━━━━━━━━━━━━━━━━━━━━━━━━━━━━━━━━━━
cycle 202 FALSE-BLIND (lock /tmp/hhe1805-basehome/state/.watch.lock.owner.MSINrk held throughout):
●━━━━━━━━━━━━━━━━━━━━━━━━━━━━━━━━━━━━━━━━━━━━━━━━━━━━━━━━━━━━━━━━━━━━━━━
●  TURN WOULD END BLIND - SUPERVISION IS OFF
●  1 task(s) in flight, but no live watcher holds this home lock (last beat: 245s ago).
●  watcher supervision needs Stop-owned automatic recovery; inspect the hook registration and startup status before ending the turn.
●━━━━━━━━━━━━━━━━━━━━━━━━━━━━━━━━━━━━━━━━━━━━━━━━━━━━━━━━━━━━━━━━━━━━━━━
cycle 203 FALSE-BLIND (lock /tmp/hhe1805-basehome/state/.watch.lock.owner.MSINrk held throughout):
●━━━━━━━━━━━━━━━━━━━━━━━━━━━━━━━━━━━━━━━━━━━━━━━━━━━━━━━━━━━━━━━━━━━━━━━
●  TURN WOULD END BLIND - SUPERVISION IS OFF
●  1 task(s) in flight, but no live watcher holds this home lock (last beat: 247s ago).
●  watcher supervision needs Stop-owned automatic recovery; inspect the hook registration and startup status before ending the turn.
●━━━━━━━━━━━━━━━━━━━━━━━━━━━━━━━━━━━━━━━━━━━━━━━━━━━━━━━━━━━━━━━━━━━━━━━
cycle 204 FALSE-BLIND (lock /tmp/hhe1805-basehome/state/.watch.lock.owner.MSINrk held throughout):
●━━━━━━━━━━━━━━━━━━━━━━━━━━━━━━━━━━━━━━━━━━━━━━━━━━━━━━━━━━━━━━━━━━━━━━━
●  TURN WOULD END BLIND - SUPERVISION IS OFF
●  1 task(s) in flight, but no live watcher holds this home lock (last beat: 248s ago).
●  watcher supervision needs Stop-owned automatic recovery; inspect the hook registration and startup status before ending the turn.
●━━━━━━━━━━━━━━━━━━━━━━━━━━━━━━━━━━━━━━━━━━━━━━━━━━━━━━━━━━━━━━━━━━━━━━━
cycle 205 FALSE-BLIND (lock /tmp/hhe1805-basehome/state/.watch.lock.owner.MSINrk held throughout):
●━━━━━━━━━━━━━━━━━━━━━━━━━━━━━━━━━━━━━━━━━━━━━━━━━━━━━━━━━━━━━━━━━━━━━━━
●  TURN WOULD END BLIND - SUPERVISION IS OFF
●  1 task(s) in flight, but no live watcher holds this home lock (last beat: 249s ago).
●  watcher supervision needs Stop-owned automatic recovery; inspect the hook registration and startup status before ending the turn.
●━━━━━━━━━━━━━━━━━━━━━━━━━━━━━━━━━━━━━━━━━━━━━━━━━━━━━━━━━━━━━━━━━━━━━━━
cycle 206 FALSE-BLIND (lock /tmp/hhe1805-basehome/state/.watch.lock.owner.MSINrk held throughout):
●━━━━━━━━━━━━━━━━━━━━━━━━━━━━━━━━━━━━━━━━━━━━━━━━━━━━━━━━━━━━━━━━━━━━━━━
●  TURN WOULD END BLIND - SUPERVISION IS OFF
●  1 task(s) in flight, but no live watcher holds this home lock (last beat: 250s ago).
●  watcher supervision needs Stop-owned automatic recovery; inspect the hook registration and startup status before ending the turn.
●━━━━━━━━━━━━━━━━━━━━━━━━━━━━━━━━━━━━━━━━━━━━━━━━━━━━━━━━━━━━━━━━━━━━━━━
cycle 207 FALSE-BLIND (lock /tmp/hhe1805-basehome/state/.watch.lock.owner.MSINrk held throughout):
●━━━━━━━━━━━━━━━━━━━━━━━━━━━━━━━━━━━━━━━━━━━━━━━━━━━━━━━━━━━━━━━━━━━━━━━
●  TURN WOULD END BLIND - SUPERVISION IS OFF
●  1 task(s) in flight, but no live watcher holds this home lock (last beat: 251s ago).
●  watcher supervision needs Stop-owned automatic recovery; inspect the hook registration and startup status before ending the turn.
●━━━━━━━━━━━━━━━━━━━━━━━━━━━━━━━━━━━━━━━━━━━━━━━━━━━━━━━━━━━━━━━━━━━━━━━
cycle 208 FALSE-BLIND (lock /tmp/hhe1805-basehome/state/.watch.lock.owner.MSINrk held throughout):
●━━━━━━━━━━━━━━━━━━━━━━━━━━━━━━━━━━━━━━━━━━━━━━━━━━━━━━━━━━━━━━━━━━━━━━━
●  TURN WOULD END BLIND - SUPERVISION IS OFF
●  1 task(s) in flight, but no live watcher holds this home lock (last beat: 253s ago).
●  watcher supervision needs Stop-owned automatic recovery; inspect the hook registration and startup status before ending the turn.
●━━━━━━━━━━━━━━━━━━━━━━━━━━━━━━━━━━━━━━━━━━━━━━━━━━━━━━━━━━━━━━━━━━━━━━━
cycle 209 FALSE-BLIND (lock /tmp/hhe1805-basehome/state/.watch.lock.owner.MSINrk held throughout):
●━━━━━━━━━━━━━━━━━━━━━━━━━━━━━━━━━━━━━━━━━━━━━━━━━━━━━━━━━━━━━━━━━━━━━━━
●  TURN WOULD END BLIND - SUPERVISION IS OFF
●  1 task(s) in flight, but no live watcher holds this home lock (last beat: 254s ago).
●  watcher supervision needs Stop-owned automatic recovery; inspect the hook registration and startup status before ending the turn.
●━━━━━━━━━━━━━━━━━━━━━━━━━━━━━━━━━━━━━━━━━━━━━━━━━━━━━━━━━━━━━━━━━━━━━━━
cycle 210 FALSE-BLIND (lock /tmp/hhe1805-basehome/state/.watch.lock.owner.MSINrk held throughout):
●━━━━━━━━━━━━━━━━━━━━━━━━━━━━━━━━━━━━━━━━━━━━━━━━━━━━━━━━━━━━━━━━━━━━━━━
●  TURN WOULD END BLIND - SUPERVISION IS OFF
●  1 task(s) in flight, but no live watcher holds this home lock (last beat: 255s ago).
●  watcher supervision needs Stop-owned automatic recovery; inspect the hook registration and startup status before ending the turn.
●━━━━━━━━━━━━━━━━━━━━━━━━━━━━━━━━━━━━━━━━━━━━━━━━━━━━━━━━━━━━━━━━━━━━━━━
cycle 211 FALSE-BLIND (lock /tmp/hhe1805-basehome/state/.watch.lock.owner.MSINrk held throughout):
●━━━━━━━━━━━━━━━━━━━━━━━━━━━━━━━━━━━━━━━━━━━━━━━━━━━━━━━━━━━━━━━━━━━━━━━
●  TURN WOULD END BLIND - SUPERVISION IS OFF
●  1 task(s) in flight, but no live watcher holds this home lock (last beat: 256s ago).
●  watcher supervision needs Stop-owned automatic recovery; inspect the hook registration and startup status before ending the turn.
●━━━━━━━━━━━━━━━━━━━━━━━━━━━━━━━━━━━━━━━━━━━━━━━━━━━━━━━━━━━━━━━━━━━━━━━
cycle 212 FALSE-BLIND (lock /tmp/hhe1805-basehome/state/.watch.lock.owner.MSINrk held throughout):
●━━━━━━━━━━━━━━━━━━━━━━━━━━━━━━━━━━━━━━━━━━━━━━━━━━━━━━━━━━━━━━━━━━━━━━━
●  TURN WOULD END BLIND - SUPERVISION IS OFF
●  1 task(s) in flight, but no live watcher holds this home lock (last beat: 257s ago).
●  watcher supervision needs Stop-owned automatic recovery; inspect the hook registration and startup status before ending the turn.
●━━━━━━━━━━━━━━━━━━━━━━━━━━━━━━━━━━━━━━━━━━━━━━━━━━━━━━━━━━━━━━━━━━━━━━━
cycle 213 FALSE-BLIND (lock /tmp/hhe1805-basehome/state/.watch.lock.owner.MSINrk held throughout):
●━━━━━━━━━━━━━━━━━━━━━━━━━━━━━━━━━━━━━━━━━━━━━━━━━━━━━━━━━━━━━━━━━━━━━━━
●  TURN WOULD END BLIND - SUPERVISION IS OFF
●  1 task(s) in flight, but no live watcher holds this home lock (last beat: 259s ago).
●  watcher supervision needs Stop-owned automatic recovery; inspect the hook registration and startup status before ending the turn.
●━━━━━━━━━━━━━━━━━━━━━━━━━━━━━━━━━━━━━━━━━━━━━━━━━━━━━━━━━━━━━━━━━━━━━━━
cycle 214 FALSE-BLIND (lock /tmp/hhe1805-basehome/state/.watch.lock.owner.MSINrk held throughout):
●━━━━━━━━━━━━━━━━━━━━━━━━━━━━━━━━━━━━━━━━━━━━━━━━━━━━━━━━━━━━━━━━━━━━━━━
●  TURN WOULD END BLIND - SUPERVISION IS OFF
●  1 task(s) in flight, but no live watcher holds this home lock (last beat: 260s ago).
●  watcher supervision needs Stop-owned automatic recovery; inspect the hook registration and startup status before ending the turn.
●━━━━━━━━━━━━━━━━━━━━━━━━━━━━━━━━━━━━━━━━━━━━━━━━━━━━━━━━━━━━━━━━━━━━━━━
cycle 215 FALSE-BLIND (lock /tmp/hhe1805-basehome/state/.watch.lock.owner.MSINrk held throughout):
●━━━━━━━━━━━━━━━━━━━━━━━━━━━━━━━━━━━━━━━━━━━━━━━━━━━━━━━━━━━━━━━━━━━━━━━
●  TURN WOULD END BLIND - SUPERVISION IS OFF
●  1 task(s) in flight, but no live watcher holds this home lock (last beat: 261s ago).
●  watcher supervision needs Stop-owned automatic recovery; inspect the hook registration and startup status before ending the turn.
●━━━━━━━━━━━━━━━━━━━━━━━━━━━━━━━━━━━━━━━━━━━━━━━━━━━━━━━━━━━━━━━━━━━━━━━
cycle 216 FALSE-BLIND (lock /tmp/hhe1805-basehome/state/.watch.lock.owner.MSINrk held throughout):
●━━━━━━━━━━━━━━━━━━━━━━━━━━━━━━━━━━━━━━━━━━━━━━━━━━━━━━━━━━━━━━━━━━━━━━━
●  TURN WOULD END BLIND - SUPERVISION IS OFF
●  1 task(s) in flight, but no live watcher holds this home lock (last beat: 262s ago).
●  watcher supervision needs Stop-owned automatic recovery; inspect the hook registration and startup status before ending the turn.
●━━━━━━━━━━━━━━━━━━━━━━━━━━━━━━━━━━━━━━━━━━━━━━━━━━━━━━━━━━━━━━━━━━━━━━━
cycle 217 FALSE-BLIND (lock /tmp/hhe1805-basehome/state/.watch.lock.owner.MSINrk held throughout):
●━━━━━━━━━━━━━━━━━━━━━━━━━━━━━━━━━━━━━━━━━━━━━━━━━━━━━━━━━━━━━━━━━━━━━━━
●  TURN WOULD END BLIND - SUPERVISION IS OFF
●  1 task(s) in flight, but no live watcher holds this home lock (last beat: 263s ago).
●  watcher supervision needs Stop-owned automatic recovery; inspect the hook registration and startup status before ending the turn.
●━━━━━━━━━━━━━━━━━━━━━━━━━━━━━━━━━━━━━━━━━━━━━━━━━━━━━━━━━━━━━━━━━━━━━━━
cycle 218 FALSE-BLIND (lock /tmp/hhe1805-basehome/state/.watch.lock.owner.MSINrk held throughout):
●━━━━━━━━━━━━━━━━━━━━━━━━━━━━━━━━━━━━━━━━━━━━━━━━━━━━━━━━━━━━━━━━━━━━━━━
●  TURN WOULD END BLIND - SUPERVISION IS OFF
●  1 task(s) in flight, but no live watcher holds this home lock (last beat: 265s ago).
●  watcher supervision needs Stop-owned automatic recovery; inspect the hook registration and startup status before ending the turn.
●━━━━━━━━━━━━━━━━━━━━━━━━━━━━━━━━━━━━━━━━━━━━━━━━━━━━━━━━━━━━━━━━━━━━━━━
cycle 219 FALSE-BLIND (lock /tmp/hhe1805-basehome/state/.watch.lock.owner.MSINrk held throughout):
●━━━━━━━━━━━━━━━━━━━━━━━━━━━━━━━━━━━━━━━━━━━━━━━━━━━━━━━━━━━━━━━━━━━━━━━
●  TURN WOULD END BLIND - SUPERVISION IS OFF
●  1 task(s) in flight, but no live watcher holds this home lock (last beat: 266s ago).
●  watcher supervision needs Stop-owned automatic recovery; inspect the hook registration and startup status before ending the turn.
●━━━━━━━━━━━━━━━━━━━━━━━━━━━━━━━━━━━━━━━━━━━━━━━━━━━━━━━━━━━━━━━━━━━━━━━
cycle 220 FALSE-BLIND (lock /tmp/hhe1805-basehome/state/.watch.lock.owner.MSINrk held throughout):
●━━━━━━━━━━━━━━━━━━━━━━━━━━━━━━━━━━━━━━━━━━━━━━━━━━━━━━━━━━━━━━━━━━━━━━━
●  TURN WOULD END BLIND - SUPERVISION IS OFF
●  1 task(s) in flight, but no live watcher holds this home lock (last beat: 267s ago).
●  watcher supervision needs Stop-owned automatic recovery; inspect the hook registration and startup status before ending the turn.
●━━━━━━━━━━━━━━━━━━━━━━━━━━━━━━━━━━━━━━━━━━━━━━━━━━━━━━━━━━━━━━━━━━━━━━━
cycle 221 FALSE-BLIND (lock /tmp/hhe1805-basehome/state/.watch.lock.owner.MSINrk held throughout):
●━━━━━━━━━━━━━━━━━━━━━━━━━━━━━━━━━━━━━━━━━━━━━━━━━━━━━━━━━━━━━━━━━━━━━━━
●  TURN WOULD END BLIND - SUPERVISION IS OFF
●  1 task(s) in flight, but no live watcher holds this home lock (last beat: 268s ago).
●  watcher supervision needs Stop-owned automatic recovery; inspect the hook registration and startup status before ending the turn.
●━━━━━━━━━━━━━━━━━━━━━━━━━━━━━━━━━━━━━━━━━━━━━━━━━━━━━━━━━━━━━━━━━━━━━━━
cycle 222 FALSE-BLIND (lock /tmp/hhe1805-basehome/state/.watch.lock.owner.MSINrk held throughout):
●━━━━━━━━━━━━━━━━━━━━━━━━━━━━━━━━━━━━━━━━━━━━━━━━━━━━━━━━━━━━━━━━━━━━━━━
●  TURN WOULD END BLIND - SUPERVISION IS OFF
●  1 task(s) in flight, but no live watcher holds this home lock (last beat: 269s ago).
●  watcher supervision needs Stop-owned automatic recovery; inspect the hook registration and startup status before ending the turn.
●━━━━━━━━━━━━━━━━━━━━━━━━━━━━━━━━━━━━━━━━━━━━━━━━━━━━━━━━━━━━━━━━━━━━━━━
cycle 223 FALSE-BLIND (lock /tmp/hhe1805-basehome/state/.watch.lock.owner.MSINrk held throughout):
●━━━━━━━━━━━━━━━━━━━━━━━━━━━━━━━━━━━━━━━━━━━━━━━━━━━━━━━━━━━━━━━━━━━━━━━
●  TURN WOULD END BLIND - SUPERVISION IS OFF
●  1 task(s) in flight, but no live watcher holds this home lock (last beat: 271s ago).
●  watcher supervision needs Stop-owned automatic recovery; inspect the hook registration and startup status before ending the turn.
●━━━━━━━━━━━━━━━━━━━━━━━━━━━━━━━━━━━━━━━━━━━━━━━━━━━━━━━━━━━━━━━━━━━━━━━
cycle 224 FALSE-BLIND (lock /tmp/hhe1805-basehome/state/.watch.lock.owner.MSINrk held throughout):
●━━━━━━━━━━━━━━━━━━━━━━━━━━━━━━━━━━━━━━━━━━━━━━━━━━━━━━━━━━━━━━━━━━━━━━━
●  TURN WOULD END BLIND - SUPERVISION IS OFF
●  1 task(s) in flight, but no live watcher holds this home lock (last beat: 272s ago).
●  watcher supervision needs Stop-owned automatic recovery; inspect the hook registration and startup status before ending the turn.
●━━━━━━━━━━━━━━━━━━━━━━━━━━━━━━━━━━━━━━━━━━━━━━━━━━━━━━━━━━━━━━━━━━━━━━━
cycle 225 FALSE-BLIND (lock /tmp/hhe1805-basehome/state/.watch.lock.owner.MSINrk held throughout):
●━━━━━━━━━━━━━━━━━━━━━━━━━━━━━━━━━━━━━━━━━━━━━━━━━━━━━━━━━━━━━━━━━━━━━━━
●  TURN WOULD END BLIND - SUPERVISION IS OFF
●  1 task(s) in flight, but no live watcher holds this home lock (last beat: 273s ago).
●  watcher supervision needs Stop-owned automatic recovery; inspect the hook registration and startup status before ending the turn.
●━━━━━━━━━━━━━━━━━━━━━━━━━━━━━━━━━━━━━━━━━━━━━━━━━━━━━━━━━━━━━━━━━━━━━━━
cycle 226 FALSE-BLIND (lock /tmp/hhe1805-basehome/state/.watch.lock.owner.MSINrk held throughout):
●━━━━━━━━━━━━━━━━━━━━━━━━━━━━━━━━━━━━━━━━━━━━━━━━━━━━━━━━━━━━━━━━━━━━━━━
●  TURN WOULD END BLIND - SUPERVISION IS OFF
●  1 task(s) in flight, but no live watcher holds this home lock (last beat: 274s ago).
●  watcher supervision needs Stop-owned automatic recovery; inspect the hook registration and startup status before ending the turn.
●━━━━━━━━━━━━━━━━━━━━━━━━━━━━━━━━━━━━━━━━━━━━━━━━━━━━━━━━━━━━━━━━━━━━━━━
cycle 227 FALSE-BLIND (lock /tmp/hhe1805-basehome/state/.watch.lock.owner.MSINrk held throughout):
●━━━━━━━━━━━━━━━━━━━━━━━━━━━━━━━━━━━━━━━━━━━━━━━━━━━━━━━━━━━━━━━━━━━━━━━
●  TURN WOULD END BLIND - SUPERVISION IS OFF
●  1 task(s) in flight, but no live watcher holds this home lock (last beat: 275s ago).
●  watcher supervision needs Stop-owned automatic recovery; inspect the hook registration and startup status before ending the turn.
●━━━━━━━━━━━━━━━━━━━━━━━━━━━━━━━━━━━━━━━━━━━━━━━━━━━━━━━━━━━━━━━━━━━━━━━
cycle 228 FALSE-BLIND (lock /tmp/hhe1805-basehome/state/.watch.lock.owner.MSINrk held throughout):
●━━━━━━━━━━━━━━━━━━━━━━━━━━━━━━━━━━━━━━━━━━━━━━━━━━━━━━━━━━━━━━━━━━━━━━━
●  TURN WOULD END BLIND - SUPERVISION IS OFF
●  1 task(s) in flight, but no live watcher holds this home lock (last beat: 277s ago).
●  watcher supervision needs Stop-owned automatic recovery; inspect the hook registration and startup status before ending the turn.
●━━━━━━━━━━━━━━━━━━━━━━━━━━━━━━━━━━━━━━━━━━━━━━━━━━━━━━━━━━━━━━━━━━━━━━━
cycle 229 FALSE-BLIND (lock /tmp/hhe1805-basehome/state/.watch.lock.owner.MSINrk held throughout):
●━━━━━━━━━━━━━━━━━━━━━━━━━━━━━━━━━━━━━━━━━━━━━━━━━━━━━━━━━━━━━━━━━━━━━━━
●  TURN WOULD END BLIND - SUPERVISION IS OFF
●  1 task(s) in flight, but no live watcher holds this home lock (last beat: 278s ago).
●  watcher supervision needs Stop-owned automatic recovery; inspect the hook registration and startup status before ending the turn.
●━━━━━━━━━━━━━━━━━━━━━━━━━━━━━━━━━━━━━━━━━━━━━━━━━━━━━━━━━━━━━━━━━━━━━━━
cycle 230 FALSE-BLIND (lock /tmp/hhe1805-basehome/state/.watch.lock.owner.MSINrk held throughout):
●━━━━━━━━━━━━━━━━━━━━━━━━━━━━━━━━━━━━━━━━━━━━━━━━━━━━━━━━━━━━━━━━━━━━━━━
●  TURN WOULD END BLIND - SUPERVISION IS OFF
●  1 task(s) in flight, but no live watcher holds this home lock (last beat: 279s ago).
●  watcher supervision needs Stop-owned automatic recovery; inspect the hook registration and startup status before ending the turn.
●━━━━━━━━━━━━━━━━━━━━━━━━━━━━━━━━━━━━━━━━━━━━━━━━━━━━━━━━━━━━━━━━━━━━━━━
cycle 231 FALSE-BLIND (lock /tmp/hhe1805-basehome/state/.watch.lock.owner.MSINrk held throughout):
●━━━━━━━━━━━━━━━━━━━━━━━━━━━━━━━━━━━━━━━━━━━━━━━━━━━━━━━━━━━━━━━━━━━━━━━
●  TURN WOULD END BLIND - SUPERVISION IS OFF
●  1 task(s) in flight, but no live watcher holds this home lock (last beat: 280s ago).
●  watcher supervision needs Stop-owned automatic recovery; inspect the hook registration and startup status before ending the turn.
●━━━━━━━━━━━━━━━━━━━━━━━━━━━━━━━━━━━━━━━━━━━━━━━━━━━━━━━━━━━━━━━━━━━━━━━
cycle 232 FALSE-BLIND (lock /tmp/hhe1805-basehome/state/.watch.lock.owner.MSINrk held throughout):
●━━━━━━━━━━━━━━━━━━━━━━━━━━━━━━━━━━━━━━━━━━━━━━━━━━━━━━━━━━━━━━━━━━━━━━━
●  TURN WOULD END BLIND - SUPERVISION IS OFF
●  1 task(s) in flight, but no live watcher holds this home lock (last beat: 282s ago).
●  watcher supervision needs Stop-owned automatic recovery; inspect the hook registration and startup status before ending the turn.
●━━━━━━━━━━━━━━━━━━━━━━━━━━━━━━━━━━━━━━━━━━━━━━━━━━━━━━━━━━━━━━━━━━━━━━━
cycle 233 FALSE-BLIND (lock /tmp/hhe1805-basehome/state/.watch.lock.owner.MSINrk held throughout):
●━━━━━━━━━━━━━━━━━━━━━━━━━━━━━━━━━━━━━━━━━━━━━━━━━━━━━━━━━━━━━━━━━━━━━━━
●  TURN WOULD END BLIND - SUPERVISION IS OFF
●  1 task(s) in flight, but no live watcher holds this home lock (last beat: 283s ago).
●  watcher supervision needs Stop-owned automatic recovery; inspect the hook registration and startup status before ending the turn.
●━━━━━━━━━━━━━━━━━━━━━━━━━━━━━━━━━━━━━━━━━━━━━━━━━━━━━━━━━━━━━━━━━━━━━━━
cycle 234 FALSE-BLIND (lock /tmp/hhe1805-basehome/state/.watch.lock.owner.MSINrk held throughout):
●━━━━━━━━━━━━━━━━━━━━━━━━━━━━━━━━━━━━━━━━━━━━━━━━━━━━━━━━━━━━━━━━━━━━━━━
●  TURN WOULD END BLIND - SUPERVISION IS OFF
●  1 task(s) in flight, but no live watcher holds this home lock (last beat: 284s ago).
●  watcher supervision needs Stop-owned automatic recovery; inspect the hook registration and startup status before ending the turn.
●━━━━━━━━━━━━━━━━━━━━━━━━━━━━━━━━━━━━━━━━━━━━━━━━━━━━━━━━━━━━━━━━━━━━━━━
cycle 235 FALSE-BLIND (lock /tmp/hhe1805-basehome/state/.watch.lock.owner.MSINrk held throughout):
●━━━━━━━━━━━━━━━━━━━━━━━━━━━━━━━━━━━━━━━━━━━━━━━━━━━━━━━━━━━━━━━━━━━━━━━
●  TURN WOULD END BLIND - SUPERVISION IS OFF
●  1 task(s) in flight, but no live watcher holds this home lock (last beat: 285s ago).
●  watcher supervision needs Stop-owned automatic recovery; inspect the hook registration and startup status before ending the turn.
●━━━━━━━━━━━━━━━━━━━━━━━━━━━━━━━━━━━━━━━━━━━━━━━━━━━━━━━━━━━━━━━━━━━━━━━
cycle 236 FALSE-BLIND (lock /tmp/hhe1805-basehome/state/.watch.lock.owner.MSINrk held throughout):
●━━━━━━━━━━━━━━━━━━━━━━━━━━━━━━━━━━━━━━━━━━━━━━━━━━━━━━━━━━━━━━━━━━━━━━━
●  TURN WOULD END BLIND - SUPERVISION IS OFF
●  1 task(s) in flight, but no live watcher holds this home lock (last beat: 286s ago).
●  watcher supervision needs Stop-owned automatic recovery; inspect the hook registration and startup status before ending the turn.
●━━━━━━━━━━━━━━━━━━━━━━━━━━━━━━━━━━━━━━━━━━━━━━━━━━━━━━━━━━━━━━━━━━━━━━━
cycle 237 FALSE-BLIND (lock /tmp/hhe1805-basehome/state/.watch.lock.owner.MSINrk held throughout):
●━━━━━━━━━━━━━━━━━━━━━━━━━━━━━━━━━━━━━━━━━━━━━━━━━━━━━━━━━━━━━━━━━━━━━━━
●  TURN WOULD END BLIND - SUPERVISION IS OFF
●  1 task(s) in flight, but no live watcher holds this home lock (last beat: 288s ago).
●  watcher supervision needs Stop-owned automatic recovery; inspect the hook registration and startup status before ending the turn.
●━━━━━━━━━━━━━━━━━━━━━━━━━━━━━━━━━━━━━━━━━━━━━━━━━━━━━━━━━━━━━━━━━━━━━━━
cycle 238 FALSE-BLIND (lock /tmp/hhe1805-basehome/state/.watch.lock.owner.MSINrk held throughout):
●━━━━━━━━━━━━━━━━━━━━━━━━━━━━━━━━━━━━━━━━━━━━━━━━━━━━━━━━━━━━━━━━━━━━━━━
●  TURN WOULD END BLIND - SUPERVISION IS OFF
●  1 task(s) in flight, but no live watcher holds this home lock (last beat: 289s ago).
●  watcher supervision needs Stop-owned automatic recovery; inspect the hook registration and startup status before ending the turn.
●━━━━━━━━━━━━━━━━━━━━━━━━━━━━━━━━━━━━━━━━━━━━━━━━━━━━━━━━━━━━━━━━━━━━━━━
cycle 239 FALSE-BLIND (lock /tmp/hhe1805-basehome/state/.watch.lock.owner.MSINrk held throughout):
●━━━━━━━━━━━━━━━━━━━━━━━━━━━━━━━━━━━━━━━━━━━━━━━━━━━━━━━━━━━━━━━━━━━━━━━
●  TURN WOULD END BLIND - SUPERVISION IS OFF
●  1 task(s) in flight, but no live watcher holds this home lock (last beat: 290s ago).
●  watcher supervision needs Stop-owned automatic recovery; inspect the hook registration and startup status before ending the turn.
●━━━━━━━━━━━━━━━━━━━━━━━━━━━━━━━━━━━━━━━━━━━━━━━━━━━━━━━━━━━━━━━━━━━━━━━
cycle 240 FALSE-BLIND (lock /tmp/hhe1805-basehome/state/.watch.lock.owner.MSINrk held throughout):
●━━━━━━━━━━━━━━━━━━━━━━━━━━━━━━━━━━━━━━━━━━━━━━━━━━━━━━━━━━━━━━━━━━━━━━━
●  TURN WOULD END BLIND - SUPERVISION IS OFF
●  1 task(s) in flight, but no live watcher holds this home lock (last beat: 291s ago).
●  watcher supervision needs Stop-owned automatic recovery; inspect the hook registration and startup status before ending the turn.
●━━━━━━━━━━━━━━━━━━━━━━━━━━━━━━━━━━━━━━━━━━━━━━━━━━━━━━━━━━━━━━━━━━━━━━━
cycle 241 FALSE-BLIND (lock /tmp/hhe1805-basehome/state/.watch.lock.owner.MSINrk held throughout):
●━━━━━━━━━━━━━━━━━━━━━━━━━━━━━━━━━━━━━━━━━━━━━━━━━━━━━━━━━━━━━━━━━━━━━━━
●  TURN WOULD END BLIND - SUPERVISION IS OFF
●  1 task(s) in flight, but no live watcher holds this home lock (last beat: 293s ago).
●  watcher supervision needs Stop-owned automatic recovery; inspect the hook registration and startup status before ending the turn.
●━━━━━━━━━━━━━━━━━━━━━━━━━━━━━━━━━━━━━━━━━━━━━━━━━━━━━━━━━━━━━━━━━━━━━━━
cycle 242 FALSE-BLIND (lock /tmp/hhe1805-basehome/state/.watch.lock.owner.MSINrk held throughout):
●━━━━━━━━━━━━━━━━━━━━━━━━━━━━━━━━━━━━━━━━━━━━━━━━━━━━━━━━━━━━━━━━━━━━━━━
●  TURN WOULD END BLIND - SUPERVISION IS OFF
●  1 task(s) in flight, but no live watcher holds this home lock (last beat: 294s ago).
●  watcher supervision needs Stop-owned automatic recovery; inspect the hook registration and startup status before ending the turn.
●━━━━━━━━━━━━━━━━━━━━━━━━━━━━━━━━━━━━━━━━━━━━━━━━━━━━━━━━━━━━━━━━━━━━━━━
cycle 243 FALSE-BLIND (lock /tmp/hhe1805-basehome/state/.watch.lock.owner.MSINrk held throughout):
●━━━━━━━━━━━━━━━━━━━━━━━━━━━━━━━━━━━━━━━━━━━━━━━━━━━━━━━━━━━━━━━━━━━━━━━
●  TURN WOULD END BLIND - SUPERVISION IS OFF
●  1 task(s) in flight, but no live watcher holds this home lock (last beat: 295s ago).
●  watcher supervision needs Stop-owned automatic recovery; inspect the hook registration and startup status before ending the turn.
●━━━━━━━━━━━━━━━━━━━━━━━━━━━━━━━━━━━━━━━━━━━━━━━━━━━━━━━━━━━━━━━━━━━━━━━
cycle 244 FALSE-BLIND (lock /tmp/hhe1805-basehome/state/.watch.lock.owner.MSINrk held throughout):
●━━━━━━━━━━━━━━━━━━━━━━━━━━━━━━━━━━━━━━━━━━━━━━━━━━━━━━━━━━━━━━━━━━━━━━━
●  TURN WOULD END BLIND - SUPERVISION IS OFF
●  1 task(s) in flight, but no live watcher holds this home lock (last beat: 296s ago).
●  watcher supervision needs Stop-owned automatic recovery; inspect the hook registration and startup status before ending the turn.
●━━━━━━━━━━━━━━━━━━━━━━━━━━━━━━━━━━━━━━━━━━━━━━━━━━━━━━━━━━━━━━━━━━━━━━━
cycle 245 FALSE-BLIND (lock /tmp/hhe1805-basehome/state/.watch.lock.owner.MSINrk held throughout):
●━━━━━━━━━━━━━━━━━━━━━━━━━━━━━━━━━━━━━━━━━━━━━━━━━━━━━━━━━━━━━━━━━━━━━━━
●  TURN WOULD END BLIND - SUPERVISION IS OFF
●  1 task(s) in flight, but no live watcher holds this home lock (last beat: 297s ago).
●  watcher supervision needs Stop-owned automatic recovery; inspect the hook registration and startup status before ending the turn.
●━━━━━━━━━━━━━━━━━━━━━━━━━━━━━━━━━━━━━━━━━━━━━━━━━━━━━━━━━━━━━━━━━━━━━━━
cycle 246 FALSE-BLIND (lock /tmp/hhe1805-basehome/state/.watch.lock.owner.MSINrk held throughout):
●━━━━━━━━━━━━━━━━━━━━━━━━━━━━━━━━━━━━━━━━━━━━━━━━━━━━━━━━━━━━━━━━━━━━━━━
●  TURN WOULD END BLIND - SUPERVISION IS OFF
●  1 task(s) in flight, but no live watcher holds this home lock (last beat: 299s ago).
●  watcher supervision needs Stop-owned automatic recovery; inspect the hook registration and startup status before ending the turn.
●━━━━━━━━━━━━━━━━━━━━━━━━━━━━━━━━━━━━━━━━━━━━━━━━━━━━━━━━━━━━━━━━━━━━━━━
cycle 247 FALSE-BLIND (lock /tmp/hhe1805-basehome/state/.watch.lock.owner.MSINrk held throughout):
●━━━━━━━━━━━━━━━━━━━━━━━━━━━━━━━━━━━━━━━━━━━━━━━━━━━━━━━━━━━━━━━━━━━━━━━
●  TURN WOULD END BLIND - SUPERVISION IS OFF
●  1 task(s) in flight, but no live watcher holds this home lock (last beat: 300s ago).
●  watcher supervision needs Stop-owned automatic recovery; inspect the hook registration and startup status before ending the turn.
●━━━━━━━━━━━━━━━━━━━━━━━━━━━━━━━━━━━━━━━━━━━━━━━━━━━━━━━━━━━━━━━━━━━━━━━
cycle 248 FALSE-BLIND (lock /tmp/hhe1805-basehome/state/.watch.lock.owner.MSINrk held throughout):
●━━━━━━━━━━━━━━━━━━━━━━━━━━━━━━━━━━━━━━━━━━━━━━━━━━━━━━━━━━━━━━━━━━━━━━━
●  TURN WOULD END BLIND - SUPERVISION IS OFF
●  1 task(s) in flight, but no live watcher holds this home lock (last beat: 301s ago).
●  watcher supervision needs Stop-owned automatic recovery; inspect the hook registration and startup status before ending the turn.
●━━━━━━━━━━━━━━━━━━━━━━━━━━━━━━━━━━━━━━━━━━━━━━━━━━━━━━━━━━━━━━━━━━━━━━━
cycle 249 FALSE-BLIND (lock /tmp/hhe1805-basehome/state/.watch.lock.owner.MSINrk held throughout):
●━━━━━━━━━━━━━━━━━━━━━━━━━━━━━━━━━━━━━━━━━━━━━━━━━━━━━━━━━━━━━━━━━━━━━━━
●  TURN WOULD END BLIND - SUPERVISION IS OFF
●  1 task(s) in flight, but no live watcher holds this home lock (last beat: 302s ago).
●  watcher supervision needs Stop-owned automatic recovery; inspect the hook registration and startup status before ending the turn.
●━━━━━━━━━━━━━━━━━━━━━━━━━━━━━━━━━━━━━━━━━━━━━━━━━━━━━━━━━━━━━━━━━━━━━━━
cycle 250 FALSE-BLIND (lock /tmp/hhe1805-basehome/state/.watch.lock.owner.MSINrk held throughout):
●━━━━━━━━━━━━━━━━━━━━━━━━━━━━━━━━━━━━━━━━━━━━━━━━━━━━━━━━━━━━━━━━━━━━━━━
●  TURN WOULD END BLIND - SUPERVISION IS OFF
●  1 task(s) in flight, but no live watcher holds this home lock (last beat: 303s ago).
●  watcher supervision needs Stop-owned automatic recovery; inspect the hook registration and startup status before ending the turn.
●━━━━━━━━━━━━━━━━━━━━━━━━━━━━━━━━━━━━━━━━━━━━━━━━━━━━━━━━━━━━━━━━━━━━━━━
cycle 251 FALSE-BLIND (lock /tmp/hhe1805-basehome/state/.watch.lock.owner.MSINrk held throughout):
●━━━━━━━━━━━━━━━━━━━━━━━━━━━━━━━━━━━━━━━━━━━━━━━━━━━━━━━━━━━━━━━━━━━━━━━
●  TURN WOULD END BLIND - SUPERVISION IS OFF
●  1 task(s) in flight, but no live watcher holds this home lock (last beat: 305s ago).
●  watcher supervision needs Stop-owned automatic recovery; inspect the hook registration and startup status before ending the turn.
●━━━━━━━━━━━━━━━━━━━━━━━━━━━━━━━━━━━━━━━━━━━━━━━━━━━━━━━━━━━━━━━━━━━━━━━
cycle 252 FALSE-BLIND (lock /tmp/hhe1805-basehome/state/.watch.lock.owner.MSINrk held throughout):
●━━━━━━━━━━━━━━━━━━━━━━━━━━━━━━━━━━━━━━━━━━━━━━━━━━━━━━━━━━━━━━━━━━━━━━━
●  TURN WOULD END BLIND - SUPERVISION IS OFF
●  1 task(s) in flight, but no live watcher holds this home lock (last beat: 306s ago).
●  watcher supervision needs Stop-owned automatic recovery; inspect the hook registration and startup status before ending the turn.
●━━━━━━━━━━━━━━━━━━━━━━━━━━━━━━━━━━━━━━━━━━━━━━━━━━━━━━━━━━━━━━━━━━━━━━━
cycle 253 FALSE-BLIND (lock /tmp/hhe1805-basehome/state/.watch.lock.owner.MSINrk held throughout):
●━━━━━━━━━━━━━━━━━━━━━━━━━━━━━━━━━━━━━━━━━━━━━━━━━━━━━━━━━━━━━━━━━━━━━━━
●  TURN WOULD END BLIND - SUPERVISION IS OFF
●  1 task(s) in flight, but no live watcher holds this home lock (last beat: 307s ago).
●  watcher supervision needs Stop-owned automatic recovery; inspect the hook registration and startup status before ending the turn.
●━━━━━━━━━━━━━━━━━━━━━━━━━━━━━━━━━━━━━━━━━━━━━━━━━━━━━━━━━━━━━━━━━━━━━━━
cycle 254 FALSE-BLIND (lock /tmp/hhe1805-basehome/state/.watch.lock.owner.MSINrk held throughout):
●━━━━━━━━━━━━━━━━━━━━━━━━━━━━━━━━━━━━━━━━━━━━━━━━━━━━━━━━━━━━━━━━━━━━━━━
●  TURN WOULD END BLIND - SUPERVISION IS OFF
●  1 task(s) in flight, but no live watcher holds this home lock (last beat: 308s ago).
●  watcher supervision needs Stop-owned automatic recovery; inspect the hook registration and startup status before ending the turn.
●━━━━━━━━━━━━━━━━━━━━━━━━━━━━━━━━━━━━━━━━━━━━━━━━━━━━━━━━━━━━━━━━━━━━━━━
cycle 255 FALSE-BLIND (lock /tmp/hhe1805-basehome/state/.watch.lock.owner.MSINrk held throughout):
●━━━━━━━━━━━━━━━━━━━━━━━━━━━━━━━━━━━━━━━━━━━━━━━━━━━━━━━━━━━━━━━━━━━━━━━
●  TURN WOULD END BLIND - SUPERVISION IS OFF
●  1 task(s) in flight, but no live watcher holds this home lock (last beat: 309s ago).
●  watcher supervision needs Stop-owned automatic recovery; inspect the hook registration and startup status before ending the turn.
●━━━━━━━━━━━━━━━━━━━━━━━━━━━━━━━━━━━━━━━━━━━━━━━━━━━━━━━━━━━━━━━━━━━━━━━
cycle 256 FALSE-BLIND (lock /tmp/hhe1805-basehome/state/.watch.lock.owner.MSINrk held throughout):
●━━━━━━━━━━━━━━━━━━━━━━━━━━━━━━━━━━━━━━━━━━━━━━━━━━━━━━━━━━━━━━━━━━━━━━━
●  TURN WOULD END BLIND - SUPERVISION IS OFF
●  1 task(s) in flight, but no live watcher holds this home lock (last beat: 311s ago).
●  watcher supervision needs Stop-owned automatic recovery; inspect the hook registration and startup status before ending the turn.
●━━━━━━━━━━━━━━━━━━━━━━━━━━━━━━━━━━━━━━━━━━━━━━━━━━━━━━━━━━━━━━━━━━━━━━━
cycle 257 FALSE-BLIND (lock /tmp/hhe1805-basehome/state/.watch.lock.owner.MSINrk held throughout):
●━━━━━━━━━━━━━━━━━━━━━━━━━━━━━━━━━━━━━━━━━━━━━━━━━━━━━━━━━━━━━━━━━━━━━━━
●  TURN WOULD END BLIND - SUPERVISION IS OFF
●  1 task(s) in flight, but no live watcher holds this home lock (last beat: 312s ago).
●  watcher supervision needs Stop-owned automatic recovery; inspect the hook registration and startup status before ending the turn.
●━━━━━━━━━━━━━━━━━━━━━━━━━━━━━━━━━━━━━━━━━━━━━━━━━━━━━━━━━━━━━━━━━━━━━━━
cycle 258 FALSE-BLIND (lock /tmp/hhe1805-basehome/state/.watch.lock.owner.MSINrk held throughout):
●━━━━━━━━━━━━━━━━━━━━━━━━━━━━━━━━━━━━━━━━━━━━━━━━━━━━━━━━━━━━━━━━━━━━━━━
●  TURN WOULD END BLIND - SUPERVISION IS OFF
●  1 task(s) in flight, but no live watcher holds this home lock (last beat: 313s ago).
●  watcher supervision needs Stop-owned automatic recovery; inspect the hook registration and startup status before ending the turn.
●━━━━━━━━━━━━━━━━━━━━━━━━━━━━━━━━━━━━━━━━━━━━━━━━━━━━━━━━━━━━━━━━━━━━━━━
cycle 259 FALSE-BLIND (lock /tmp/hhe1805-basehome/state/.watch.lock.owner.MSINrk held throughout):
●━━━━━━━━━━━━━━━━━━━━━━━━━━━━━━━━━━━━━━━━━━━━━━━━━━━━━━━━━━━━━━━━━━━━━━━
●  TURN WOULD END BLIND - SUPERVISION IS OFF
●  1 task(s) in flight, but no live watcher holds this home lock (last beat: 314s ago).
●  watcher supervision needs Stop-owned automatic recovery; inspect the hook registration and startup status before ending the turn.
●━━━━━━━━━━━━━━━━━━━━━━━━━━━━━━━━━━━━━━━━━━━━━━━━━━━━━━━━━━━━━━━━━━━━━━━
cycle 260 FALSE-BLIND (lock /tmp/hhe1805-basehome/state/.watch.lock.owner.MSINrk held throughout):
●━━━━━━━━━━━━━━━━━━━━━━━━━━━━━━━━━━━━━━━━━━━━━━━━━━━━━━━━━━━━━━━━━━━━━━━
●  TURN WOULD END BLIND - SUPERVISION IS OFF
●  1 task(s) in flight, but no live watcher holds this home lock (last beat: 316s ago).
●  watcher supervision needs Stop-owned automatic recovery; inspect the hook registration and startup status before ending the turn.
●━━━━━━━━━━━━━━━━━━━━━━━━━━━━━━━━━━━━━━━━━━━━━━━━━━━━━━━━━━━━━━━━━━━━━━━
cycle 261 FALSE-BLIND (lock /tmp/hhe1805-basehome/state/.watch.lock.owner.MSINrk held throughout):
●━━━━━━━━━━━━━━━━━━━━━━━━━━━━━━━━━━━━━━━━━━━━━━━━━━━━━━━━━━━━━━━━━━━━━━━
●  TURN WOULD END BLIND - SUPERVISION IS OFF
●  1 task(s) in flight, but no live watcher holds this home lock (last beat: 317s ago).
●  watcher supervision needs Stop-owned automatic recovery; inspect the hook registration and startup status before ending the turn.
●━━━━━━━━━━━━━━━━━━━━━━━━━━━━━━━━━━━━━━━━━━━━━━━━━━━━━━━━━━━━━━━━━━━━━━━
cycle 262 FALSE-BLIND (lock /tmp/hhe1805-basehome/state/.watch.lock.owner.MSINrk held throughout):
●━━━━━━━━━━━━━━━━━━━━━━━━━━━━━━━━━━━━━━━━━━━━━━━━━━━━━━━━━━━━━━━━━━━━━━━
●  TURN WOULD END BLIND - SUPERVISION IS OFF
●  1 task(s) in flight, but no live watcher holds this home lock (last beat: 318s ago).
●  watcher supervision needs Stop-owned automatic recovery; inspect the hook registration and startup status before ending the turn.
●━━━━━━━━━━━━━━━━━━━━━━━━━━━━━━━━━━━━━━━━━━━━━━━━━━━━━━━━━━━━━━━━━━━━━━━
cycle 263 FALSE-BLIND (lock /tmp/hhe1805-basehome/state/.watch.lock.owner.MSINrk held throughout):
●━━━━━━━━━━━━━━━━━━━━━━━━━━━━━━━━━━━━━━━━━━━━━━━━━━━━━━━━━━━━━━━━━━━━━━━
●  TURN WOULD END BLIND - SUPERVISION IS OFF
●  1 task(s) in flight, but no live watcher holds this home lock (last beat: 319s ago).
●  watcher supervision needs Stop-owned automatic recovery; inspect the hook registration and startup status before ending the turn.
●━━━━━━━━━━━━━━━━━━━━━━━━━━━━━━━━━━━━━━━━━━━━━━━━━━━━━━━━━━━━━━━━━━━━━━━
cycle 264 FALSE-BLIND (lock /tmp/hhe1805-basehome/state/.watch.lock.owner.MSINrk held throughout):
●━━━━━━━━━━━━━━━━━━━━━━━━━━━━━━━━━━━━━━━━━━━━━━━━━━━━━━━━━━━━━━━━━━━━━━━
●  TURN WOULD END BLIND - SUPERVISION IS OFF
●  1 task(s) in flight, but no live watcher holds this home lock (last beat: 321s ago).
●  watcher supervision needs Stop-owned automatic recovery; inspect the hook registration and startup status before ending the turn.
●━━━━━━━━━━━━━━━━━━━━━━━━━━━━━━━━━━━━━━━━━━━━━━━━━━━━━━━━━━━━━━━━━━━━━━━
cycle 265 FALSE-BLIND (lock /tmp/hhe1805-basehome/state/.watch.lock.owner.MSINrk held throughout):
●━━━━━━━━━━━━━━━━━━━━━━━━━━━━━━━━━━━━━━━━━━━━━━━━━━━━━━━━━━━━━━━━━━━━━━━
●  TURN WOULD END BLIND - SUPERVISION IS OFF
●  1 task(s) in flight, but no live watcher holds this home lock (last beat: 322s ago).
●  watcher supervision needs Stop-owned automatic recovery; inspect the hook registration and startup status before ending the turn.
●━━━━━━━━━━━━━━━━━━━━━━━━━━━━━━━━━━━━━━━━━━━━━━━━━━━━━━━━━━━━━━━━━━━━━━━
cycle 266 FALSE-BLIND (lock /tmp/hhe1805-basehome/state/.watch.lock.owner.MSINrk held throughout):
●━━━━━━━━━━━━━━━━━━━━━━━━━━━━━━━━━━━━━━━━━━━━━━━━━━━━━━━━━━━━━━━━━━━━━━━
●  TURN WOULD END BLIND - SUPERVISION IS OFF
●  1 task(s) in flight, but no live watcher holds this home lock (last beat: 323s ago).
●  watcher supervision needs Stop-owned automatic recovery; inspect the hook registration and startup status before ending the turn.
●━━━━━━━━━━━━━━━━━━━━━━━━━━━━━━━━━━━━━━━━━━━━━━━━━━━━━━━━━━━━━━━━━━━━━━━
cycle 267 FALSE-BLIND (lock /tmp/hhe1805-basehome/state/.watch.lock.owner.MSINrk held throughout):
●━━━━━━━━━━━━━━━━━━━━━━━━━━━━━━━━━━━━━━━━━━━━━━━━━━━━━━━━━━━━━━━━━━━━━━━
●  TURN WOULD END BLIND - SUPERVISION IS OFF
●  1 task(s) in flight, but no live watcher holds this home lock (last beat: 324s ago).
●  watcher supervision needs Stop-owned automatic recovery; inspect the hook registration and startup status before ending the turn.
●━━━━━━━━━━━━━━━━━━━━━━━━━━━━━━━━━━━━━━━━━━━━━━━━━━━━━━━━━━━━━━━━━━━━━━━
cycle 268 FALSE-BLIND (lock /tmp/hhe1805-basehome/state/.watch.lock.owner.MSINrk held throughout):
●━━━━━━━━━━━━━━━━━━━━━━━━━━━━━━━━━━━━━━━━━━━━━━━━━━━━━━━━━━━━━━━━━━━━━━━
●  TURN WOULD END BLIND - SUPERVISION IS OFF
●  1 task(s) in flight, but no live watcher holds this home lock (last beat: 325s ago).
●  watcher supervision needs Stop-owned automatic recovery; inspect the hook registration and startup status before ending the turn.
●━━━━━━━━━━━━━━━━━━━━━━━━━━━━━━━━━━━━━━━━━━━━━━━━━━━━━━━━━━━━━━━━━━━━━━━
cycle 269 FALSE-BLIND (lock /tmp/hhe1805-basehome/state/.watch.lock.owner.MSINrk held throughout):
●━━━━━━━━━━━━━━━━━━━━━━━━━━━━━━━━━━━━━━━━━━━━━━━━━━━━━━━━━━━━━━━━━━━━━━━
●  TURN WOULD END BLIND - SUPERVISION IS OFF
●  1 task(s) in flight, but no live watcher holds this home lock (last beat: 327s ago).
●  watcher supervision needs Stop-owned automatic recovery; inspect the hook registration and startup status before ending the turn.
●━━━━━━━━━━━━━━━━━━━━━━━━━━━━━━━━━━━━━━━━━━━━━━━━━━━━━━━━━━━━━━━━━━━━━━━
cycle 270 FALSE-BLIND (lock /tmp/hhe1805-basehome/state/.watch.lock.owner.MSINrk held throughout):
●━━━━━━━━━━━━━━━━━━━━━━━━━━━━━━━━━━━━━━━━━━━━━━━━━━━━━━━━━━━━━━━━━━━━━━━
●  TURN WOULD END BLIND - SUPERVISION IS OFF
●  1 task(s) in flight, but no live watcher holds this home lock (last beat: 328s ago).
●  watcher supervision needs Stop-owned automatic recovery; inspect the hook registration and startup status before ending the turn.
●━━━━━━━━━━━━━━━━━━━━━━━━━━━━━━━━━━━━━━━━━━━━━━━━━━━━━━━━━━━━━━━━━━━━━━━
cycle 271 FALSE-BLIND (lock /tmp/hhe1805-basehome/state/.watch.lock.owner.MSINrk held throughout):
●━━━━━━━━━━━━━━━━━━━━━━━━━━━━━━━━━━━━━━━━━━━━━━━━━━━━━━━━━━━━━━━━━━━━━━━
●  TURN WOULD END BLIND - SUPERVISION IS OFF
●  1 task(s) in flight, but no live watcher holds this home lock (last beat: 329s ago).
●  watcher supervision needs Stop-owned automatic recovery; inspect the hook registration and startup status before ending the turn.
●━━━━━━━━━━━━━━━━━━━━━━━━━━━━━━━━━━━━━━━━━━━━━━━━━━━━━━━━━━━━━━━━━━━━━━━
cycle 272 FALSE-BLIND (lock /tmp/hhe1805-basehome/state/.watch.lock.owner.MSINrk held throughout):
●━━━━━━━━━━━━━━━━━━━━━━━━━━━━━━━━━━━━━━━━━━━━━━━━━━━━━━━━━━━━━━━━━━━━━━━
●  TURN WOULD END BLIND - SUPERVISION IS OFF
●  1 task(s) in flight, but no live watcher holds this home lock (last beat: 330s ago).
●  watcher supervision needs Stop-owned automatic recovery; inspect the hook registration and startup status before ending the turn.
●━━━━━━━━━━━━━━━━━━━━━━━━━━━━━━━━━━━━━━━━━━━━━━━━━━━━━━━━━━━━━━━━━━━━━━━
cycle 273 FALSE-BLIND (lock /tmp/hhe1805-basehome/state/.watch.lock.owner.MSINrk held throughout):
●━━━━━━━━━━━━━━━━━━━━━━━━━━━━━━━━━━━━━━━━━━━━━━━━━━━━━━━━━━━━━━━━━━━━━━━
●  TURN WOULD END BLIND - SUPERVISION IS OFF
●  1 task(s) in flight, but no live watcher holds this home lock (last beat: 331s ago).
●  watcher supervision needs Stop-owned automatic recovery; inspect the hook registration and startup status before ending the turn.
●━━━━━━━━━━━━━━━━━━━━━━━━━━━━━━━━━━━━━━━━━━━━━━━━━━━━━━━━━━━━━━━━━━━━━━━
cycle 274 FALSE-BLIND (lock /tmp/hhe1805-basehome/state/.watch.lock.owner.MSINrk held throughout):
●━━━━━━━━━━━━━━━━━━━━━━━━━━━━━━━━━━━━━━━━━━━━━━━━━━━━━━━━━━━━━━━━━━━━━━━
●  TURN WOULD END BLIND - SUPERVISION IS OFF
●  1 task(s) in flight, but no live watcher holds this home lock (last beat: 333s ago).
●  watcher supervision needs Stop-owned automatic recovery; inspect the hook registration and startup status before ending the turn.
●━━━━━━━━━━━━━━━━━━━━━━━━━━━━━━━━━━━━━━━━━━━━━━━━━━━━━━━━━━━━━━━━━━━━━━━
cycle 275 FALSE-BLIND (lock /tmp/hhe1805-basehome/state/.watch.lock.owner.MSINrk held throughout):
●━━━━━━━━━━━━━━━━━━━━━━━━━━━━━━━━━━━━━━━━━━━━━━━━━━━━━━━━━━━━━━━━━━━━━━━
●  TURN WOULD END BLIND - SUPERVISION IS OFF
●  1 task(s) in flight, but no live watcher holds this home lock (last beat: 334s ago).
●  watcher supervision needs Stop-owned automatic recovery; inspect the hook registration and startup status before ending the turn.
●━━━━━━━━━━━━━━━━━━━━━━━━━━━━━━━━━━━━━━━━━━━━━━━━━━━━━━━━━━━━━━━━━━━━━━━
cycle 276 FALSE-BLIND (lock /tmp/hhe1805-basehome/state/.watch.lock.owner.MSINrk held throughout):
●━━━━━━━━━━━━━━━━━━━━━━━━━━━━━━━━━━━━━━━━━━━━━━━━━━━━━━━━━━━━━━━━━━━━━━━
●  TURN WOULD END BLIND - SUPERVISION IS OFF
●  1 task(s) in flight, but no live watcher holds this home lock (last beat: 335s ago).
●  watcher supervision needs Stop-owned automatic recovery; inspect the hook registration and startup status before ending the turn.
●━━━━━━━━━━━━━━━━━━━━━━━━━━━━━━━━━━━━━━━━━━━━━━━━━━━━━━━━━━━━━━━━━━━━━━━
cycle 277 FALSE-BLIND (lock /tmp/hhe1805-basehome/state/.watch.lock.owner.MSINrk held throughout):
●━━━━━━━━━━━━━━━━━━━━━━━━━━━━━━━━━━━━━━━━━━━━━━━━━━━━━━━━━━━━━━━━━━━━━━━
●  TURN WOULD END BLIND - SUPERVISION IS OFF
●  1 task(s) in flight, but no live watcher holds this home lock (last beat: 336s ago).
●  watcher supervision needs Stop-owned automatic recovery; inspect the hook registration and startup status before ending the turn.
●━━━━━━━━━━━━━━━━━━━━━━━━━━━━━━━━━━━━━━━━━━━━━━━━━━━━━━━━━━━━━━━━━━━━━━━
cycle 278 FALSE-BLIND (lock /tmp/hhe1805-basehome/state/.watch.lock.owner.MSINrk held throughout):
●━━━━━━━━━━━━━━━━━━━━━━━━━━━━━━━━━━━━━━━━━━━━━━━━━━━━━━━━━━━━━━━━━━━━━━━
●  TURN WOULD END BLIND - SUPERVISION IS OFF
●  1 task(s) in flight, but no live watcher holds this home lock (last beat: 338s ago).
●  watcher supervision needs Stop-owned automatic recovery; inspect the hook registration and startup status before ending the turn.
●━━━━━━━━━━━━━━━━━━━━━━━━━━━━━━━━━━━━━━━━━━━━━━━━━━━━━━━━━━━━━━━━━━━━━━━
cycle 279 FALSE-BLIND (lock /tmp/hhe1805-basehome/state/.watch.lock.owner.MSINrk held throughout):
●━━━━━━━━━━━━━━━━━━━━━━━━━━━━━━━━━━━━━━━━━━━━━━━━━━━━━━━━━━━━━━━━━━━━━━━
●  TURN WOULD END BLIND - SUPERVISION IS OFF
●  1 task(s) in flight, but no live watcher holds this home lock (last beat: 339s ago).
●  watcher supervision needs Stop-owned automatic recovery; inspect the hook registration and startup status before ending the turn.
●━━━━━━━━━━━━━━━━━━━━━━━━━━━━━━━━━━━━━━━━━━━━━━━━━━━━━━━━━━━━━━━━━━━━━━━
cycle 280 FALSE-BLIND (lock /tmp/hhe1805-basehome/state/.watch.lock.owner.MSINrk held throughout):
●━━━━━━━━━━━━━━━━━━━━━━━━━━━━━━━━━━━━━━━━━━━━━━━━━━━━━━━━━━━━━━━━━━━━━━━
●  TURN WOULD END BLIND - SUPERVISION IS OFF
●  1 task(s) in flight, but no live watcher holds this home lock (last beat: 340s ago).
●  watcher supervision needs Stop-owned automatic recovery; inspect the hook registration and startup status before ending the turn.
●━━━━━━━━━━━━━━━━━━━━━━━━━━━━━━━━━━━━━━━━━━━━━━━━━━━━━━━━━━━━━━━━━━━━━━━
cycle 281 FALSE-BLIND (lock /tmp/hhe1805-basehome/state/.watch.lock.owner.MSINrk held throughout):
●━━━━━━━━━━━━━━━━━━━━━━━━━━━━━━━━━━━━━━━━━━━━━━━━━━━━━━━━━━━━━━━━━━━━━━━
●  TURN WOULD END BLIND - SUPERVISION IS OFF
●  1 task(s) in flight, but no live watcher holds this home lock (last beat: 341s ago).
●  watcher supervision needs Stop-owned automatic recovery; inspect the hook registration and startup status before ending the turn.
●━━━━━━━━━━━━━━━━━━━━━━━━━━━━━━━━━━━━━━━━━━━━━━━━━━━━━━━━━━━━━━━━━━━━━━━
cycle 282 FALSE-BLIND (lock /tmp/hhe1805-basehome/state/.watch.lock.owner.MSINrk held throughout):
●━━━━━━━━━━━━━━━━━━━━━━━━━━━━━━━━━━━━━━━━━━━━━━━━━━━━━━━━━━━━━━━━━━━━━━━
●  TURN WOULD END BLIND - SUPERVISION IS OFF
●  1 task(s) in flight, but no live watcher holds this home lock (last beat: 342s ago).
●  watcher supervision needs Stop-owned automatic recovery; inspect the hook registration and startup status before ending the turn.
●━━━━━━━━━━━━━━━━━━━━━━━━━━━━━━━━━━━━━━━━━━━━━━━━━━━━━━━━━━━━━━━━━━━━━━━
cycle 283 FALSE-BLIND (lock /tmp/hhe1805-basehome/state/.watch.lock.owner.MSINrk held throughout):
●━━━━━━━━━━━━━━━━━━━━━━━━━━━━━━━━━━━━━━━━━━━━━━━━━━━━━━━━━━━━━━━━━━━━━━━
●  TURN WOULD END BLIND - SUPERVISION IS OFF
●  1 task(s) in flight, but no live watcher holds this home lock (last beat: 344s ago).
●  watcher supervision needs Stop-owned automatic recovery; inspect the hook registration and startup status before ending the turn.
●━━━━━━━━━━━━━━━━━━━━━━━━━━━━━━━━━━━━━━━━━━━━━━━━━━━━━━━━━━━━━━━━━━━━━━━
cycle 284 FALSE-BLIND (lock /tmp/hhe1805-basehome/state/.watch.lock.owner.MSINrk held throughout):
●━━━━━━━━━━━━━━━━━━━━━━━━━━━━━━━━━━━━━━━━━━━━━━━━━━━━━━━━━━━━━━━━━━━━━━━
●  TURN WOULD END BLIND - SUPERVISION IS OFF
●  1 task(s) in flight, but no live watcher holds this home lock (last beat: 345s ago).
●  watcher supervision needs Stop-owned automatic recovery; inspect the hook registration and startup status before ending the turn.
●━━━━━━━━━━━━━━━━━━━━━━━━━━━━━━━━━━━━━━━━━━━━━━━━━━━━━━━━━━━━━━━━━━━━━━━
cycle 285 FALSE-BLIND (lock /tmp/hhe1805-basehome/state/.watch.lock.owner.MSINrk held throughout):
●━━━━━━━━━━━━━━━━━━━━━━━━━━━━━━━━━━━━━━━━━━━━━━━━━━━━━━━━━━━━━━━━━━━━━━━
●  TURN WOULD END BLIND - SUPERVISION IS OFF
●  1 task(s) in flight, but no live watcher holds this home lock (last beat: 346s ago).
●  watcher supervision needs Stop-owned automatic recovery; inspect the hook registration and startup status before ending the turn.
●━━━━━━━━━━━━━━━━━━━━━━━━━━━━━━━━━━━━━━━━━━━━━━━━━━━━━━━━━━━━━━━━━━━━━━━
cycle 286 FALSE-BLIND (lock /tmp/hhe1805-basehome/state/.watch.lock.owner.MSINrk held throughout):
●━━━━━━━━━━━━━━━━━━━━━━━━━━━━━━━━━━━━━━━━━━━━━━━━━━━━━━━━━━━━━━━━━━━━━━━
●  TURN WOULD END BLIND - SUPERVISION IS OFF
●  1 task(s) in flight, but no live watcher holds this home lock (last beat: 347s ago).
●  watcher supervision needs Stop-owned automatic recovery; inspect the hook registration and startup status before ending the turn.
●━━━━━━━━━━━━━━━━━━━━━━━━━━━━━━━━━━━━━━━━━━━━━━━━━━━━━━━━━━━━━━━━━━━━━━━
cycle 287 FALSE-BLIND (lock /tmp/hhe1805-basehome/state/.watch.lock.owner.MSINrk held throughout):
●━━━━━━━━━━━━━━━━━━━━━━━━━━━━━━━━━━━━━━━━━━━━━━━━━━━━━━━━━━━━━━━━━━━━━━━
●  TURN WOULD END BLIND - SUPERVISION IS OFF
●  1 task(s) in flight, but no live watcher holds this home lock (last beat: 349s ago).
●  watcher supervision needs Stop-owned automatic recovery; inspect the hook registration and startup status before ending the turn.
●━━━━━━━━━━━━━━━━━━━━━━━━━━━━━━━━━━━━━━━━━━━━━━━━━━━━━━━━━━━━━━━━━━━━━━━
cycle 288 FALSE-BLIND (lock /tmp/hhe1805-basehome/state/.watch.lock.owner.MSINrk held throughout):
●━━━━━━━━━━━━━━━━━━━━━━━━━━━━━━━━━━━━━━━━━━━━━━━━━━━━━━━━━━━━━━━━━━━━━━━
●  TURN WOULD END BLIND - SUPERVISION IS OFF
●  1 task(s) in flight, but no live watcher holds this home lock (last beat: 350s ago).
●  watcher supervision needs Stop-owned automatic recovery; inspect the hook registration and startup status before ending the turn.
●━━━━━━━━━━━━━━━━━━━━━━━━━━━━━━━━━━━━━━━━━━━━━━━━━━━━━━━━━━━━━━━━━━━━━━━
cycle 289 FALSE-BLIND (lock /tmp/hhe1805-basehome/state/.watch.lock.owner.MSINrk held throughout):
●━━━━━━━━━━━━━━━━━━━━━━━━━━━━━━━━━━━━━━━━━━━━━━━━━━━━━━━━━━━━━━━━━━━━━━━
●  TURN WOULD END BLIND - SUPERVISION IS OFF
●  1 task(s) in flight, but no live watcher holds this home lock (last beat: 352s ago).
●  watcher supervision needs Stop-owned automatic recovery; inspect the hook registration and startup status before ending the turn.
●━━━━━━━━━━━━━━━━━━━━━━━━━━━━━━━━━━━━━━━━━━━━━━━━━━━━━━━━━━━━━━━━━━━━━━━
cycle 290 FALSE-BLIND (lock /tmp/hhe1805-basehome/state/.watch.lock.owner.MSINrk held throughout):
●━━━━━━━━━━━━━━━━━━━━━━━━━━━━━━━━━━━━━━━━━━━━━━━━━━━━━━━━━━━━━━━━━━━━━━━
●  TURN WOULD END BLIND - SUPERVISION IS OFF
●  1 task(s) in flight, but no live watcher holds this home lock (last beat: 353s ago).
●  watcher supervision needs Stop-owned automatic recovery; inspect the hook registration and startup status before ending the turn.
●━━━━━━━━━━━━━━━━━━━━━━━━━━━━━━━━━━━━━━━━━━━━━━━━━━━━━━━━━━━━━━━━━━━━━━━
cycle 291 FALSE-BLIND (lock /tmp/hhe1805-basehome/state/.watch.lock.owner.MSINrk held throughout):
●━━━━━━━━━━━━━━━━━━━━━━━━━━━━━━━━━━━━━━━━━━━━━━━━━━━━━━━━━━━━━━━━━━━━━━━
●  TURN WOULD END BLIND - SUPERVISION IS OFF
●  1 task(s) in flight, but no live watcher holds this home lock (last beat: 355s ago).
●  watcher supervision needs Stop-owned automatic recovery; inspect the hook registration and startup status before ending the turn.
●━━━━━━━━━━━━━━━━━━━━━━━━━━━━━━━━━━━━━━━━━━━━━━━━━━━━━━━━━━━━━━━━━━━━━━━
cycle 292 FALSE-BLIND (lock /tmp/hhe1805-basehome/state/.watch.lock.owner.MSINrk held throughout):
●━━━━━━━━━━━━━━━━━━━━━━━━━━━━━━━━━━━━━━━━━━━━━━━━━━━━━━━━━━━━━━━━━━━━━━━
●  TURN WOULD END BLIND - SUPERVISION IS OFF
●  1 task(s) in flight, but no live watcher holds this home lock (last beat: 356s ago).
●  watcher supervision needs Stop-owned automatic recovery; inspect the hook registration and startup status before ending the turn.
●━━━━━━━━━━━━━━━━━━━━━━━━━━━━━━━━━━━━━━━━━━━━━━━━━━━━━━━━━━━━━━━━━━━━━━━
cycle 293 FALSE-BLIND (lock /tmp/hhe1805-basehome/state/.watch.lock.owner.MSINrk held throughout):
●━━━━━━━━━━━━━━━━━━━━━━━━━━━━━━━━━━━━━━━━━━━━━━━━━━━━━━━━━━━━━━━━━━━━━━━
●  TURN WOULD END BLIND - SUPERVISION IS OFF
●  1 task(s) in flight, but no live watcher holds this home lock (last beat: 357s ago).
●  watcher supervision needs Stop-owned automatic recovery; inspect the hook registration and startup status before ending the turn.
●━━━━━━━━━━━━━━━━━━━━━━━━━━━━━━━━━━━━━━━━━━━━━━━━━━━━━━━━━━━━━━━━━━━━━━━
cycle 294 FALSE-BLIND (lock /tmp/hhe1805-basehome/state/.watch.lock.owner.MSINrk held throughout):
●━━━━━━━━━━━━━━━━━━━━━━━━━━━━━━━━━━━━━━━━━━━━━━━━━━━━━━━━━━━━━━━━━━━━━━━
●  TURN WOULD END BLIND - SUPERVISION IS OFF
●  1 task(s) in flight, but no live watcher holds this home lock (last beat: 359s ago).
●  watcher supervision needs Stop-owned automatic recovery; inspect the hook registration and startup status before ending the turn.
●━━━━━━━━━━━━━━━━━━━━━━━━━━━━━━━━━━━━━━━━━━━━━━━━━━━━━━━━━━━━━━━━━━━━━━━
cycle 295 FALSE-BLIND (lock /tmp/hhe1805-basehome/state/.watch.lock.owner.MSINrk held throughout):
●━━━━━━━━━━━━━━━━━━━━━━━━━━━━━━━━━━━━━━━━━━━━━━━━━━━━━━━━━━━━━━━━━━━━━━━
●  TURN WOULD END BLIND - SUPERVISION IS OFF
●  1 task(s) in flight, but no live watcher holds this home lock (last beat: 360s ago).
●  watcher supervision needs Stop-owned automatic recovery; inspect the hook registration and startup status before ending the turn.
●━━━━━━━━━━━━━━━━━━━━━━━━━━━━━━━━━━━━━━━━━━━━━━━━━━━━━━━━━━━━━━━━━━━━━━━
cycle 296 FALSE-BLIND (lock /tmp/hhe1805-basehome/state/.watch.lock.owner.MSINrk held throughout):
●━━━━━━━━━━━━━━━━━━━━━━━━━━━━━━━━━━━━━━━━━━━━━━━━━━━━━━━━━━━━━━━━━━━━━━━
●  TURN WOULD END BLIND - SUPERVISION IS OFF
●  1 task(s) in flight, but no live watcher holds this home lock (last beat: 361s ago).
●  watcher supervision needs Stop-owned automatic recovery; inspect the hook registration and startup status before ending the turn.
●━━━━━━━━━━━━━━━━━━━━━━━━━━━━━━━━━━━━━━━━━━━━━━━━━━━━━━━━━━━━━━━━━━━━━━━
cycle 297 FALSE-BLIND (lock /tmp/hhe1805-basehome/state/.watch.lock.owner.MSINrk held throughout):
●━━━━━━━━━━━━━━━━━━━━━━━━━━━━━━━━━━━━━━━━━━━━━━━━━━━━━━━━━━━━━━━━━━━━━━━
●  TURN WOULD END BLIND - SUPERVISION IS OFF
●  1 task(s) in flight, but no live watcher holds this home lock (last beat: 363s ago).
●  watcher supervision needs Stop-owned automatic recovery; inspect the hook registration and startup status before ending the turn.
●━━━━━━━━━━━━━━━━━━━━━━━━━━━━━━━━━━━━━━━━━━━━━━━━━━━━━━━━━━━━━━━━━━━━━━━
cycle 298 FALSE-BLIND (lock /tmp/hhe1805-basehome/state/.watch.lock.owner.MSINrk held throughout):
●━━━━━━━━━━━━━━━━━━━━━━━━━━━━━━━━━━━━━━━━━━━━━━━━━━━━━━━━━━━━━━━━━━━━━━━
●  TURN WOULD END BLIND - SUPERVISION IS OFF
●  1 task(s) in flight, but no live watcher holds this home lock (last beat: 364s ago).
●  watcher supervision needs Stop-owned automatic recovery; inspect the hook registration and startup status before ending the turn.
●━━━━━━━━━━━━━━━━━━━━━━━━━━━━━━━━━━━━━━━━━━━━━━━━━━━━━━━━━━━━━━━━━━━━━━━
cycle 299 FALSE-BLIND (lock /tmp/hhe1805-basehome/state/.watch.lock.owner.MSINrk held throughout):
●━━━━━━━━━━━━━━━━━━━━━━━━━━━━━━━━━━━━━━━━━━━━━━━━━━━━━━━━━━━━━━━━━━━━━━━
●  TURN WOULD END BLIND - SUPERVISION IS OFF
●  1 task(s) in flight, but no live watcher holds this home lock (last beat: 365s ago).
●  watcher supervision needs Stop-owned automatic recovery; inspect the hook registration and startup status before ending the turn.
●━━━━━━━━━━━━━━━━━━━━━━━━━━━━━━━━━━━━━━━━━━━━━━━━━━━━━━━━━━━━━━━━━━━━━━━
cycle 300 FALSE-BLIND (lock /tmp/hhe1805-basehome/state/.watch.lock.owner.MSINrk held throughout):
●━━━━━━━━━━━━━━━━━━━━━━━━━━━━━━━━━━━━━━━━━━━━━━━━━━━━━━━━━━━━━━━━━━━━━━━
●  TURN WOULD END BLIND - SUPERVISION IS OFF
●  1 task(s) in flight, but no live watcher holds this home lock (last beat: 366s ago).
●  watcher supervision needs Stop-owned automatic recovery; inspect the hook registration and startup status before ending the turn.
●━━━━━━━━━━━━━━━━━━━━━━━━━━━━━━━━━━━━━━━━━━━━━━━━━━━━━━━━━━━━━━━━━━━━━━━
cycle 301 FALSE-BLIND (lock /tmp/hhe1805-basehome/state/.watch.lock.owner.MSINrk held throughout):
●━━━━━━━━━━━━━━━━━━━━━━━━━━━━━━━━━━━━━━━━━━━━━━━━━━━━━━━━━━━━━━━━━━━━━━━
●  TURN WOULD END BLIND - SUPERVISION IS OFF
●  1 task(s) in flight, but no live watcher holds this home lock (last beat: 368s ago).
●  watcher supervision needs Stop-owned automatic recovery; inspect the hook registration and startup status before ending the turn.
●━━━━━━━━━━━━━━━━━━━━━━━━━━━━━━━━━━━━━━━━━━━━━━━━━━━━━━━━━━━━━━━━━━━━━━━
cycle 302 FALSE-BLIND (lock /tmp/hhe1805-basehome/state/.watch.lock.owner.MSINrk held throughout):
●━━━━━━━━━━━━━━━━━━━━━━━━━━━━━━━━━━━━━━━━━━━━━━━━━━━━━━━━━━━━━━━━━━━━━━━
●  TURN WOULD END BLIND - SUPERVISION IS OFF
●  1 task(s) in flight, but no live watcher holds this home lock (last beat: 369s ago).
●  watcher supervision needs Stop-owned automatic recovery; inspect the hook registration and startup status before ending the turn.
●━━━━━━━━━━━━━━━━━━━━━━━━━━━━━━━━━━━━━━━━━━━━━━━━━━━━━━━━━━━━━━━━━━━━━━━
cycle 303 FALSE-BLIND (lock /tmp/hhe1805-basehome/state/.watch.lock.owner.MSINrk held throughout):
●━━━━━━━━━━━━━━━━━━━━━━━━━━━━━━━━━━━━━━━━━━━━━━━━━━━━━━━━━━━━━━━━━━━━━━━
●  TURN WOULD END BLIND - SUPERVISION IS OFF
●  1 task(s) in flight, but no live watcher holds this home lock (last beat: 370s ago).
●  watcher supervision needs Stop-owned automatic recovery; inspect the hook registration and startup status before ending the turn.
●━━━━━━━━━━━━━━━━━━━━━━━━━━━━━━━━━━━━━━━━━━━━━━━━━━━━━━━━━━━━━━━━━━━━━━━
cycle 304 FALSE-BLIND (lock /tmp/hhe1805-basehome/state/.watch.lock.owner.MSINrk held throughout):
●━━━━━━━━━━━━━━━━━━━━━━━━━━━━━━━━━━━━━━━━━━━━━━━━━━━━━━━━━━━━━━━━━━━━━━━
●  TURN WOULD END BLIND - SUPERVISION IS OFF
●  1 task(s) in flight, but no live watcher holds this home lock (last beat: 372s ago).
●  watcher supervision needs Stop-owned automatic recovery; inspect the hook registration and startup status before ending the turn.
●━━━━━━━━━━━━━━━━━━━━━━━━━━━━━━━━━━━━━━━━━━━━━━━━━━━━━━━━━━━━━━━━━━━━━━━
cycle 305 FALSE-BLIND (lock /tmp/hhe1805-basehome/state/.watch.lock.owner.MSINrk held throughout):
●━━━━━━━━━━━━━━━━━━━━━━━━━━━━━━━━━━━━━━━━━━━━━━━━━━━━━━━━━━━━━━━━━━━━━━━
●  TURN WOULD END BLIND - SUPERVISION IS OFF
●  1 task(s) in flight, but no live watcher holds this home lock (last beat: 373s ago).
●  watcher supervision needs Stop-owned automatic recovery; inspect the hook registration and startup status before ending the turn.
●━━━━━━━━━━━━━━━━━━━━━━━━━━━━━━━━━━━━━━━━━━━━━━━━━━━━━━━━━━━━━━━━━━━━━━━
cycle 306 FALSE-BLIND (lock /tmp/hhe1805-basehome/state/.watch.lock.owner.MSINrk held throughout):
●━━━━━━━━━━━━━━━━━━━━━━━━━━━━━━━━━━━━━━━━━━━━━━━━━━━━━━━━━━━━━━━━━━━━━━━
●  TURN WOULD END BLIND - SUPERVISION IS OFF
●  1 task(s) in flight, but no live watcher holds this home lock (last beat: 374s ago).
●  watcher supervision needs Stop-owned automatic recovery; inspect the hook registration and startup status before ending the turn.
●━━━━━━━━━━━━━━━━━━━━━━━━━━━━━━━━━━━━━━━━━━━━━━━━━━━━━━━━━━━━━━━━━━━━━━━
cycle 307 FALSE-BLIND (lock /tmp/hhe1805-basehome/state/.watch.lock.owner.MSINrk held throughout):
●━━━━━━━━━━━━━━━━━━━━━━━━━━━━━━━━━━━━━━━━━━━━━━━━━━━━━━━━━━━━━━━━━━━━━━━
●  TURN WOULD END BLIND - SUPERVISION IS OFF
●  1 task(s) in flight, but no live watcher holds this home lock (last beat: 375s ago).
●  watcher supervision needs Stop-owned automatic recovery; inspect the hook registration and startup status before ending the turn.
●━━━━━━━━━━━━━━━━━━━━━━━━━━━━━━━━━━━━━━━━━━━━━━━━━━━━━━━━━━━━━━━━━━━━━━━
cycle 308 FALSE-BLIND (lock /tmp/hhe1805-basehome/state/.watch.lock.owner.MSINrk held throughout):
●━━━━━━━━━━━━━━━━━━━━━━━━━━━━━━━━━━━━━━━━━━━━━━━━━━━━━━━━━━━━━━━━━━━━━━━
●  TURN WOULD END BLIND - SUPERVISION IS OFF
●  1 task(s) in flight, but no live watcher holds this home lock (last beat: 377s ago).
●  watcher supervision needs Stop-owned automatic recovery; inspect the hook registration and startup status before ending the turn.
●━━━━━━━━━━━━━━━━━━━━━━━━━━━━━━━━━━━━━━━━━━━━━━━━━━━━━━━━━━━━━━━━━━━━━━━
cycle 309 FALSE-BLIND (lock /tmp/hhe1805-basehome/state/.watch.lock.owner.MSINrk held throughout):
●━━━━━━━━━━━━━━━━━━━━━━━━━━━━━━━━━━━━━━━━━━━━━━━━━━━━━━━━━━━━━━━━━━━━━━━
●  TURN WOULD END BLIND - SUPERVISION IS OFF
●  1 task(s) in flight, but no live watcher holds this home lock (last beat: 378s ago).
●  watcher supervision needs Stop-owned automatic recovery; inspect the hook registration and startup status before ending the turn.
●━━━━━━━━━━━━━━━━━━━━━━━━━━━━━━━━━━━━━━━━━━━━━━━━━━━━━━━━━━━━━━━━━━━━━━━
cycle 310 FALSE-BLIND (lock /tmp/hhe1805-basehome/state/.watch.lock.owner.MSINrk held throughout):
●━━━━━━━━━━━━━━━━━━━━━━━━━━━━━━━━━━━━━━━━━━━━━━━━━━━━━━━━━━━━━━━━━━━━━━━
●  TURN WOULD END BLIND - SUPERVISION IS OFF
●  1 task(s) in flight, but no live watcher holds this home lock (last beat: 379s ago).
●  watcher supervision needs Stop-owned automatic recovery; inspect the hook registration and startup status before ending the turn.
●━━━━━━━━━━━━━━━━━━━━━━━━━━━━━━━━━━━━━━━━━━━━━━━━━━━━━━━━━━━━━━━━━━━━━━━
cycle 311 FALSE-BLIND (lock /tmp/hhe1805-basehome/state/.watch.lock.owner.MSINrk held throughout):
●━━━━━━━━━━━━━━━━━━━━━━━━━━━━━━━━━━━━━━━━━━━━━━━━━━━━━━━━━━━━━━━━━━━━━━━
●  TURN WOULD END BLIND - SUPERVISION IS OFF
●  1 task(s) in flight, but no live watcher holds this home lock (last beat: 380s ago).
●  watcher supervision needs Stop-owned automatic recovery; inspect the hook registration and startup status before ending the turn.
●━━━━━━━━━━━━━━━━━━━━━━━━━━━━━━━━━━━━━━━━━━━━━━━━━━━━━━━━━━━━━━━━━━━━━━━
cycle 312 FALSE-BLIND (lock /tmp/hhe1805-basehome/state/.watch.lock.owner.MSINrk held throughout):
●━━━━━━━━━━━━━━━━━━━━━━━━━━━━━━━━━━━━━━━━━━━━━━━━━━━━━━━━━━━━━━━━━━━━━━━
●  TURN WOULD END BLIND - SUPERVISION IS OFF
●  1 task(s) in flight, but no live watcher holds this home lock (last beat: 381s ago).
●  watcher supervision needs Stop-owned automatic recovery; inspect the hook registration and startup status before ending the turn.
●━━━━━━━━━━━━━━━━━━━━━━━━━━━━━━━━━━━━━━━━━━━━━━━━━━━━━━━━━━━━━━━━━━━━━━━
cycle 313 FALSE-BLIND (lock /tmp/hhe1805-basehome/state/.watch.lock.owner.MSINrk held throughout):
●━━━━━━━━━━━━━━━━━━━━━━━━━━━━━━━━━━━━━━━━━━━━━━━━━━━━━━━━━━━━━━━━━━━━━━━
●  TURN WOULD END BLIND - SUPERVISION IS OFF
●  1 task(s) in flight, but no live watcher holds this home lock (last beat: 383s ago).
●  watcher supervision needs Stop-owned automatic recovery; inspect the hook registration and startup status before ending the turn.
●━━━━━━━━━━━━━━━━━━━━━━━━━━━━━━━━━━━━━━━━━━━━━━━━━━━━━━━━━━━━━━━━━━━━━━━
cycle 314 FALSE-BLIND (lock /tmp/hhe1805-basehome/state/.watch.lock.owner.MSINrk held throughout):
●━━━━━━━━━━━━━━━━━━━━━━━━━━━━━━━━━━━━━━━━━━━━━━━━━━━━━━━━━━━━━━━━━━━━━━━
●  TURN WOULD END BLIND - SUPERVISION IS OFF
●  1 task(s) in flight, but no live watcher holds this home lock (last beat: 384s ago).
●  watcher supervision needs Stop-owned automatic recovery; inspect the hook registration and startup status before ending the turn.
●━━━━━━━━━━━━━━━━━━━━━━━━━━━━━━━━━━━━━━━━━━━━━━━━━━━━━━━━━━━━━━━━━━━━━━━
cycle 315 FALSE-BLIND (lock /tmp/hhe1805-basehome/state/.watch.lock.owner.MSINrk held throughout):
●━━━━━━━━━━━━━━━━━━━━━━━━━━━━━━━━━━━━━━━━━━━━━━━━━━━━━━━━━━━━━━━━━━━━━━━
●  TURN WOULD END BLIND - SUPERVISION IS OFF
●  1 task(s) in flight, but no live watcher holds this home lock (last beat: 385s ago).
●  watcher supervision needs Stop-owned automatic recovery; inspect the hook registration and startup status before ending the turn.
●━━━━━━━━━━━━━━━━━━━━━━━━━━━━━━━━━━━━━━━━━━━━━━━━━━━━━━━━━━━━━━━━━━━━━━━
cycle 316 FALSE-BLIND (lock /tmp/hhe1805-basehome/state/.watch.lock.owner.MSINrk held throughout):
●━━━━━━━━━━━━━━━━━━━━━━━━━━━━━━━━━━━━━━━━━━━━━━━━━━━━━━━━━━━━━━━━━━━━━━━
●  TURN WOULD END BLIND - SUPERVISION IS OFF
●  1 task(s) in flight, but no live watcher holds this home lock (last beat: 387s ago).
●  watcher supervision needs Stop-owned automatic recovery; inspect the hook registration and startup status before ending the turn.
●━━━━━━━━━━━━━━━━━━━━━━━━━━━━━━━━━━━━━━━━━━━━━━━━━━━━━━━━━━━━━━━━━━━━━━━
cycle 317 FALSE-BLIND (lock /tmp/hhe1805-basehome/state/.watch.lock.owner.MSINrk held throughout):
●━━━━━━━━━━━━━━━━━━━━━━━━━━━━━━━━━━━━━━━━━━━━━━━━━━━━━━━━━━━━━━━━━━━━━━━
●  TURN WOULD END BLIND - SUPERVISION IS OFF
●  1 task(s) in flight, but no live watcher holds this home lock (last beat: 388s ago).
●  watcher supervision needs Stop-owned automatic recovery; inspect the hook registration and startup status before ending the turn.
●━━━━━━━━━━━━━━━━━━━━━━━━━━━━━━━━━━━━━━━━━━━━━━━━━━━━━━━━━━━━━━━━━━━━━━━
cycle 318 FALSE-BLIND (lock /tmp/hhe1805-basehome/state/.watch.lock.owner.MSINrk held throughout):
●━━━━━━━━━━━━━━━━━━━━━━━━━━━━━━━━━━━━━━━━━━━━━━━━━━━━━━━━━━━━━━━━━━━━━━━
●  TURN WOULD END BLIND - SUPERVISION IS OFF
●  1 task(s) in flight, but no live watcher holds this home lock (last beat: 389s ago).
●  watcher supervision needs Stop-owned automatic recovery; inspect the hook registration and startup status before ending the turn.
●━━━━━━━━━━━━━━━━━━━━━━━━━━━━━━━━━━━━━━━━━━━━━━━━━━━━━━━━━━━━━━━━━━━━━━━
cycle 319 FALSE-BLIND (lock /tmp/hhe1805-basehome/state/.watch.lock.owner.MSINrk held throughout):
●━━━━━━━━━━━━━━━━━━━━━━━━━━━━━━━━━━━━━━━━━━━━━━━━━━━━━━━━━━━━━━━━━━━━━━━
●  TURN WOULD END BLIND - SUPERVISION IS OFF
●  1 task(s) in flight, but no live watcher holds this home lock (last beat: 391s ago).
●  watcher supervision needs Stop-owned automatic recovery; inspect the hook registration and startup status before ending the turn.
●━━━━━━━━━━━━━━━━━━━━━━━━━━━━━━━━━━━━━━━━━━━━━━━━━━━━━━━━━━━━━━━━━━━━━━━
cycle 320 FALSE-BLIND (lock /tmp/hhe1805-basehome/state/.watch.lock.owner.MSINrk held throughout):
●━━━━━━━━━━━━━━━━━━━━━━━━━━━━━━━━━━━━━━━━━━━━━━━━━━━━━━━━━━━━━━━━━━━━━━━
●  TURN WOULD END BLIND - SUPERVISION IS OFF
●  1 task(s) in flight, but no live watcher holds this home lock (last beat: 392s ago).
●  watcher supervision needs Stop-owned automatic recovery; inspect the hook registration and startup status before ending the turn.
●━━━━━━━━━━━━━━━━━━━━━━━━━━━━━━━━━━━━━━━━━━━━━━━━━━━━━━━━━━━━━━━━━━━━━━━
cycle 321 FALSE-BLIND (lock /tmp/hhe1805-basehome/state/.watch.lock.owner.MSINrk held throughout):
●━━━━━━━━━━━━━━━━━━━━━━━━━━━━━━━━━━━━━━━━━━━━━━━━━━━━━━━━━━━━━━━━━━━━━━━
●  TURN WOULD END BLIND - SUPERVISION IS OFF
●  1 task(s) in flight, but no live watcher holds this home lock (last beat: 393s ago).
●  watcher supervision needs Stop-owned automatic recovery; inspect the hook registration and startup status before ending the turn.
●━━━━━━━━━━━━━━━━━━━━━━━━━━━━━━━━━━━━━━━━━━━━━━━━━━━━━━━━━━━━━━━━━━━━━━━
cycle 322 FALSE-BLIND (lock /tmp/hhe1805-basehome/state/.watch.lock.owner.MSINrk held throughout):
●━━━━━━━━━━━━━━━━━━━━━━━━━━━━━━━━━━━━━━━━━━━━━━━━━━━━━━━━━━━━━━━━━━━━━━━
●  TURN WOULD END BLIND - SUPERVISION IS OFF
●  1 task(s) in flight, but no live watcher holds this home lock (last beat: 395s ago).
●  watcher supervision needs Stop-owned automatic recovery; inspect the hook registration and startup status before ending the turn.
●━━━━━━━━━━━━━━━━━━━━━━━━━━━━━━━━━━━━━━━━━━━━━━━━━━━━━━━━━━━━━━━━━━━━━━━
cycle 323 FALSE-BLIND (lock /tmp/hhe1805-basehome/state/.watch.lock.owner.MSINrk held throughout):
●━━━━━━━━━━━━━━━━━━━━━━━━━━━━━━━━━━━━━━━━━━━━━━━━━━━━━━━━━━━━━━━━━━━━━━━
●  TURN WOULD END BLIND - SUPERVISION IS OFF
●  1 task(s) in flight, but no live watcher holds this home lock (last beat: 396s ago).
●  watcher supervision needs Stop-owned automatic recovery; inspect the hook registration and startup status before ending the turn.
●━━━━━━━━━━━━━━━━━━━━━━━━━━━━━━━━━━━━━━━━━━━━━━━━━━━━━━━━━━━━━━━━━━━━━━━
cycle 324 FALSE-BLIND (lock /tmp/hhe1805-basehome/state/.watch.lock.owner.MSINrk held throughout):
●━━━━━━━━━━━━━━━━━━━━━━━━━━━━━━━━━━━━━━━━━━━━━━━━━━━━━━━━━━━━━━━━━━━━━━━
●  TURN WOULD END BLIND - SUPERVISION IS OFF
●  1 task(s) in flight, but no live watcher holds this home lock (last beat: 397s ago).
●  watcher supervision needs Stop-owned automatic recovery; inspect the hook registration and startup status before ending the turn.
●━━━━━━━━━━━━━━━━━━━━━━━━━━━━━━━━━━━━━━━━━━━━━━━━━━━━━━━━━━━━━━━━━━━━━━━
cycle 325 FALSE-BLIND (lock /tmp/hhe1805-basehome/state/.watch.lock.owner.MSINrk held throughout):
●━━━━━━━━━━━━━━━━━━━━━━━━━━━━━━━━━━━━━━━━━━━━━━━━━━━━━━━━━━━━━━━━━━━━━━━
●  TURN WOULD END BLIND - SUPERVISION IS OFF
●  1 task(s) in flight, but no live watcher holds this home lock (last beat: 398s ago).
●  watcher supervision needs Stop-owned automatic recovery; inspect the hook registration and startup status before ending the turn.
●━━━━━━━━━━━━━━━━━━━━━━━━━━━━━━━━━━━━━━━━━━━━━━━━━━━━━━━━━━━━━━━━━━━━━━━
cycle 326 FALSE-BLIND (lock /tmp/hhe1805-basehome/state/.watch.lock.owner.MSINrk held throughout):
●━━━━━━━━━━━━━━━━━━━━━━━━━━━━━━━━━━━━━━━━━━━━━━━━━━━━━━━━━━━━━━━━━━━━━━━
●  TURN WOULD END BLIND - SUPERVISION IS OFF
●  1 task(s) in flight, but no live watcher holds this home lock (last beat: 400s ago).
●  watcher supervision needs Stop-owned automatic recovery; inspect the hook registration and startup status before ending the turn.
●━━━━━━━━━━━━━━━━━━━━━━━━━━━━━━━━━━━━━━━━━━━━━━━━━━━━━━━━━━━━━━━━━━━━━━━
cycle 327 FALSE-BLIND (lock /tmp/hhe1805-basehome/state/.watch.lock.owner.MSINrk held throughout):
●━━━━━━━━━━━━━━━━━━━━━━━━━━━━━━━━━━━━━━━━━━━━━━━━━━━━━━━━━━━━━━━━━━━━━━━
●  TURN WOULD END BLIND - SUPERVISION IS OFF
●  1 task(s) in flight, but no live watcher holds this home lock (last beat: 401s ago).
●  watcher supervision needs Stop-owned automatic recovery; inspect the hook registration and startup status before ending the turn.
●━━━━━━━━━━━━━━━━━━━━━━━━━━━━━━━━━━━━━━━━━━━━━━━━━━━━━━━━━━━━━━━━━━━━━━━
cycle 328 FALSE-BLIND (lock /tmp/hhe1805-basehome/state/.watch.lock.owner.MSINrk held throughout):
●━━━━━━━━━━━━━━━━━━━━━━━━━━━━━━━━━━━━━━━━━━━━━━━━━━━━━━━━━━━━━━━━━━━━━━━
●  TURN WOULD END BLIND - SUPERVISION IS OFF
●  1 task(s) in flight, but no live watcher holds this home lock (last beat: 402s ago).
●  watcher supervision needs Stop-owned automatic recovery; inspect the hook registration and startup status before ending the turn.
●━━━━━━━━━━━━━━━━━━━━━━━━━━━━━━━━━━━━━━━━━━━━━━━━━━━━━━━━━━━━━━━━━━━━━━━
cycle 329 FALSE-BLIND (lock /tmp/hhe1805-basehome/state/.watch.lock.owner.MSINrk held throughout):
●━━━━━━━━━━━━━━━━━━━━━━━━━━━━━━━━━━━━━━━━━━━━━━━━━━━━━━━━━━━━━━━━━━━━━━━
●  TURN WOULD END BLIND - SUPERVISION IS OFF
●  1 task(s) in flight, but no live watcher holds this home lock (last beat: 404s ago).
●  watcher supervision needs Stop-owned automatic recovery; inspect the hook registration and startup status before ending the turn.
●━━━━━━━━━━━━━━━━━━━━━━━━━━━━━━━━━━━━━━━━━━━━━━━━━━━━━━━━━━━━━━━━━━━━━━━
cycle 330 FALSE-BLIND (lock /tmp/hhe1805-basehome/state/.watch.lock.owner.MSINrk held throughout):
●━━━━━━━━━━━━━━━━━━━━━━━━━━━━━━━━━━━━━━━━━━━━━━━━━━━━━━━━━━━━━━━━━━━━━━━
●  TURN WOULD END BLIND - SUPERVISION IS OFF
●  1 task(s) in flight, but no live watcher holds this home lock (last beat: 405s ago).
●  watcher supervision needs Stop-owned automatic recovery; inspect the hook registration and startup status before ending the turn.
●━━━━━━━━━━━━━━━━━━━━━━━━━━━━━━━━━━━━━━━━━━━━━━━━━━━━━━━━━━━━━━━━━━━━━━━
cycle 331 FALSE-BLIND (lock /tmp/hhe1805-basehome/state/.watch.lock.owner.MSINrk held throughout):
●━━━━━━━━━━━━━━━━━━━━━━━━━━━━━━━━━━━━━━━━━━━━━━━━━━━━━━━━━━━━━━━━━━━━━━━
●  TURN WOULD END BLIND - SUPERVISION IS OFF
●  1 task(s) in flight, but no live watcher holds this home lock (last beat: 407s ago).
●  watcher supervision needs Stop-owned automatic recovery; inspect the hook registration and startup status before ending the turn.
●━━━━━━━━━━━━━━━━━━━━━━━━━━━━━━━━━━━━━━━━━━━━━━━━━━━━━━━━━━━━━━━━━━━━━━━
cycle 332 FALSE-BLIND (lock /tmp/hhe1805-basehome/state/.watch.lock.owner.MSINrk held throughout):
●━━━━━━━━━━━━━━━━━━━━━━━━━━━━━━━━━━━━━━━━━━━━━━━━━━━━━━━━━━━━━━━━━━━━━━━
●  TURN WOULD END BLIND - SUPERVISION IS OFF
●  1 task(s) in flight, but no live watcher holds this home lock (last beat: 408s ago).
●  watcher supervision needs Stop-owned automatic recovery; inspect the hook registration and startup status before ending the turn.
●━━━━━━━━━━━━━━━━━━━━━━━━━━━━━━━━━━━━━━━━━━━━━━━━━━━━━━━━━━━━━━━━━━━━━━━
cycle 333 FALSE-BLIND (lock /tmp/hhe1805-basehome/state/.watch.lock.owner.MSINrk held throughout):
●━━━━━━━━━━━━━━━━━━━━━━━━━━━━━━━━━━━━━━━━━━━━━━━━━━━━━━━━━━━━━━━━━━━━━━━
●  TURN WOULD END BLIND - SUPERVISION IS OFF
●  1 task(s) in flight, but no live watcher holds this home lock (last beat: 410s ago).
●  watcher supervision needs Stop-owned automatic recovery; inspect the hook registration and startup status before ending the turn.
●━━━━━━━━━━━━━━━━━━━━━━━━━━━━━━━━━━━━━━━━━━━━━━━━━━━━━━━━━━━━━━━━━━━━━━━
cycle 334 FALSE-BLIND (lock /tmp/hhe1805-basehome/state/.watch.lock.owner.MSINrk held throughout):
●━━━━━━━━━━━━━━━━━━━━━━━━━━━━━━━━━━━━━━━━━━━━━━━━━━━━━━━━━━━━━━━━━━━━━━━
●  TURN WOULD END BLIND - SUPERVISION IS OFF
●  1 task(s) in flight, but no live watcher holds this home lock (last beat: 411s ago).
●  watcher supervision needs Stop-owned automatic recovery; inspect the hook registration and startup status before ending the turn.
●━━━━━━━━━━━━━━━━━━━━━━━━━━━━━━━━━━━━━━━━━━━━━━━━━━━━━━━━━━━━━━━━━━━━━━━
cycle 335 FALSE-BLIND (lock /tmp/hhe1805-basehome/state/.watch.lock.owner.MSINrk held throughout):
●━━━━━━━━━━━━━━━━━━━━━━━━━━━━━━━━━━━━━━━━━━━━━━━━━━━━━━━━━━━━━━━━━━━━━━━
●  TURN WOULD END BLIND - SUPERVISION IS OFF
●  1 task(s) in flight, but no live watcher holds this home lock (last beat: 413s ago).
●  watcher supervision needs Stop-owned automatic recovery; inspect the hook registration and startup status before ending the turn.
●━━━━━━━━━━━━━━━━━━━━━━━━━━━━━━━━━━━━━━━━━━━━━━━━━━━━━━━━━━━━━━━━━━━━━━━
cycle 336 FALSE-BLIND (lock /tmp/hhe1805-basehome/state/.watch.lock.owner.MSINrk held throughout):
●━━━━━━━━━━━━━━━━━━━━━━━━━━━━━━━━━━━━━━━━━━━━━━━━━━━━━━━━━━━━━━━━━━━━━━━
●  TURN WOULD END BLIND - SUPERVISION IS OFF
●  1 task(s) in flight, but no live watcher holds this home lock (last beat: 414s ago).
●  watcher supervision needs Stop-owned automatic recovery; inspect the hook registration and startup status before ending the turn.
●━━━━━━━━━━━━━━━━━━━━━━━━━━━━━━━━━━━━━━━━━━━━━━━━━━━━━━━━━━━━━━━━━━━━━━━
cycle 337 FALSE-BLIND (lock /tmp/hhe1805-basehome/state/.watch.lock.owner.MSINrk held throughout):
●━━━━━━━━━━━━━━━━━━━━━━━━━━━━━━━━━━━━━━━━━━━━━━━━━━━━━━━━━━━━━━━━━━━━━━━
●  TURN WOULD END BLIND - SUPERVISION IS OFF
●  1 task(s) in flight, but no live watcher holds this home lock (last beat: 415s ago).
●  watcher supervision needs Stop-owned automatic recovery; inspect the hook registration and startup status before ending the turn.
●━━━━━━━━━━━━━━━━━━━━━━━━━━━━━━━━━━━━━━━━━━━━━━━━━━━━━━━━━━━━━━━━━━━━━━━
cycle 338 FALSE-BLIND (lock /tmp/hhe1805-basehome/state/.watch.lock.owner.MSINrk held throughout):
●━━━━━━━━━━━━━━━━━━━━━━━━━━━━━━━━━━━━━━━━━━━━━━━━━━━━━━━━━━━━━━━━━━━━━━━
●  TURN WOULD END BLIND - SUPERVISION IS OFF
●  1 task(s) in flight, but no live watcher holds this home lock (last beat: 417s ago).
●  watcher supervision needs Stop-owned automatic recovery; inspect the hook registration and startup status before ending the turn.
●━━━━━━━━━━━━━━━━━━━━━━━━━━━━━━━━━━━━━━━━━━━━━━━━━━━━━━━━━━━━━━━━━━━━━━━
cycle 339 FALSE-BLIND (lock /tmp/hhe1805-basehome/state/.watch.lock.owner.MSINrk held throughout):
●━━━━━━━━━━━━━━━━━━━━━━━━━━━━━━━━━━━━━━━━━━━━━━━━━━━━━━━━━━━━━━━━━━━━━━━
●  TURN WOULD END BLIND - SUPERVISION IS OFF
●  1 task(s) in flight, but no live watcher holds this home lock (last beat: 418s ago).
●  watcher supervision needs Stop-owned automatic recovery; inspect the hook registration and startup status before ending the turn.
●━━━━━━━━━━━━━━━━━━━━━━━━━━━━━━━━━━━━━━━━━━━━━━━━━━━━━━━━━━━━━━━━━━━━━━━
cycle 340 FALSE-BLIND (lock /tmp/hhe1805-basehome/state/.watch.lock.owner.MSINrk held throughout):
●━━━━━━━━━━━━━━━━━━━━━━━━━━━━━━━━━━━━━━━━━━━━━━━━━━━━━━━━━━━━━━━━━━━━━━━
●  TURN WOULD END BLIND - SUPERVISION IS OFF
●  1 task(s) in flight, but no live watcher holds this home lock (last beat: 419s ago).
●  watcher supervision needs Stop-owned automatic recovery; inspect the hook registration and startup status before ending the turn.
●━━━━━━━━━━━━━━━━━━━━━━━━━━━━━━━━━━━━━━━━━━━━━━━━━━━━━━━━━━━━━━━━━━━━━━━
cycle 341 FALSE-BLIND (lock /tmp/hhe1805-basehome/state/.watch.lock.owner.MSINrk held throughout):
●━━━━━━━━━━━━━━━━━━━━━━━━━━━━━━━━━━━━━━━━━━━━━━━━━━━━━━━━━━━━━━━━━━━━━━━
●  TURN WOULD END BLIND - SUPERVISION IS OFF
●  1 task(s) in flight, but no live watcher holds this home lock (last beat: 421s ago).
●  watcher supervision needs Stop-owned automatic recovery; inspect the hook registration and startup status before ending the turn.
●━━━━━━━━━━━━━━━━━━━━━━━━━━━━━━━━━━━━━━━━━━━━━━━━━━━━━━━━━━━━━━━━━━━━━━━
cycle 342 FALSE-BLIND (lock /tmp/hhe1805-basehome/state/.watch.lock.owner.MSINrk held throughout):
●━━━━━━━━━━━━━━━━━━━━━━━━━━━━━━━━━━━━━━━━━━━━━━━━━━━━━━━━━━━━━━━━━━━━━━━
●  TURN WOULD END BLIND - SUPERVISION IS OFF
●  1 task(s) in flight, but no live watcher holds this home lock (last beat: 422s ago).
●  watcher supervision needs Stop-owned automatic recovery; inspect the hook registration and startup status before ending the turn.
●━━━━━━━━━━━━━━━━━━━━━━━━━━━━━━━━━━━━━━━━━━━━━━━━━━━━━━━━━━━━━━━━━━━━━━━
cycle 343 FALSE-BLIND (lock /tmp/hhe1805-basehome/state/.watch.lock.owner.MSINrk held throughout):
●━━━━━━━━━━━━━━━━━━━━━━━━━━━━━━━━━━━━━━━━━━━━━━━━━━━━━━━━━━━━━━━━━━━━━━━
●  TURN WOULD END BLIND - SUPERVISION IS OFF
●  1 task(s) in flight, but no live watcher holds this home lock (last beat: 423s ago).
●  watcher supervision needs Stop-owned automatic recovery; inspect the hook registration and startup status before ending the turn.
●━━━━━━━━━━━━━━━━━━━━━━━━━━━━━━━━━━━━━━━━━━━━━━━━━━━━━━━━━━━━━━━━━━━━━━━
cycle 344 FALSE-BLIND (lock /tmp/hhe1805-basehome/state/.watch.lock.owner.MSINrk held throughout):
●━━━━━━━━━━━━━━━━━━━━━━━━━━━━━━━━━━━━━━━━━━━━━━━━━━━━━━━━━━━━━━━━━━━━━━━
●  TURN WOULD END BLIND - SUPERVISION IS OFF
●  1 task(s) in flight, but no live watcher holds this home lock (last beat: 425s ago).
●  watcher supervision needs Stop-owned automatic recovery; inspect the hook registration and startup status before ending the turn.
●━━━━━━━━━━━━━━━━━━━━━━━━━━━━━━━━━━━━━━━━━━━━━━━━━━━━━━━━━━━━━━━━━━━━━━━
cycle 345 FALSE-BLIND (lock /tmp/hhe1805-basehome/state/.watch.lock.owner.MSINrk held throughout):
●━━━━━━━━━━━━━━━━━━━━━━━━━━━━━━━━━━━━━━━━━━━━━━━━━━━━━━━━━━━━━━━━━━━━━━━
●  TURN WOULD END BLIND - SUPERVISION IS OFF
●  1 task(s) in flight, but no live watcher holds this home lock (last beat: 426s ago).
●  watcher supervision needs Stop-owned automatic recovery; inspect the hook registration and startup status before ending the turn.
●━━━━━━━━━━━━━━━━━━━━━━━━━━━━━━━━━━━━━━━━━━━━━━━━━━━━━━━━━━━━━━━━━━━━━━━
cycle 346 FALSE-BLIND (lock /tmp/hhe1805-basehome/state/.watch.lock.owner.MSINrk held throughout):
●━━━━━━━━━━━━━━━━━━━━━━━━━━━━━━━━━━━━━━━━━━━━━━━━━━━━━━━━━━━━━━━━━━━━━━━
●  TURN WOULD END BLIND - SUPERVISION IS OFF
●  1 task(s) in flight, but no live watcher holds this home lock (last beat: 427s ago).
●  watcher supervision needs Stop-owned automatic recovery; inspect the hook registration and startup status before ending the turn.
●━━━━━━━━━━━━━━━━━━━━━━━━━━━━━━━━━━━━━━━━━━━━━━━━━━━━━━━━━━━━━━━━━━━━━━━
cycle 347 FALSE-BLIND (lock /tmp/hhe1805-basehome/state/.watch.lock.owner.MSINrk held throughout):
●━━━━━━━━━━━━━━━━━━━━━━━━━━━━━━━━━━━━━━━━━━━━━━━━━━━━━━━━━━━━━━━━━━━━━━━
●  TURN WOULD END BLIND - SUPERVISION IS OFF
●  1 task(s) in flight, but no live watcher holds this home lock (last beat: 428s ago).
●  watcher supervision needs Stop-owned automatic recovery; inspect the hook registration and startup status before ending the turn.
●━━━━━━━━━━━━━━━━━━━━━━━━━━━━━━━━━━━━━━━━━━━━━━━━━━━━━━━━━━━━━━━━━━━━━━━
cycle 348 FALSE-BLIND (lock /tmp/hhe1805-basehome/state/.watch.lock.owner.MSINrk held throughout):
●━━━━━━━━━━━━━━━━━━━━━━━━━━━━━━━━━━━━━━━━━━━━━━━━━━━━━━━━━━━━━━━━━━━━━━━
●  TURN WOULD END BLIND - SUPERVISION IS OFF
●  1 task(s) in flight, but no live watcher holds this home lock (last beat: 430s ago).
●  watcher supervision needs Stop-owned automatic recovery; inspect the hook registration and startup status before ending the turn.
●━━━━━━━━━━━━━━━━━━━━━━━━━━━━━━━━━━━━━━━━━━━━━━━━━━━━━━━━━━━━━━━━━━━━━━━
cycle 349 FALSE-BLIND (lock /tmp/hhe1805-basehome/state/.watch.lock.owner.MSINrk held throughout):
●━━━━━━━━━━━━━━━━━━━━━━━━━━━━━━━━━━━━━━━━━━━━━━━━━━━━━━━━━━━━━━━━━━━━━━━
●  TURN WOULD END BLIND - SUPERVISION IS OFF
●  1 task(s) in flight, but no live watcher holds this home lock (last beat: 431s ago).
●  watcher supervision needs Stop-owned automatic recovery; inspect the hook registration and startup status before ending the turn.
●━━━━━━━━━━━━━━━━━━━━━━━━━━━━━━━━━━━━━━━━━━━━━━━━━━━━━━━━━━━━━━━━━━━━━━━
cycle 350 FALSE-BLIND (lock /tmp/hhe1805-basehome/state/.watch.lock.owner.MSINrk held throughout):
●━━━━━━━━━━━━━━━━━━━━━━━━━━━━━━━━━━━━━━━━━━━━━━━━━━━━━━━━━━━━━━━━━━━━━━━
●  TURN WOULD END BLIND - SUPERVISION IS OFF
●  1 task(s) in flight, but no live watcher holds this home lock (last beat: 432s ago).
●  watcher supervision needs Stop-owned automatic recovery; inspect the hook registration and startup status before ending the turn.
●━━━━━━━━━━━━━━━━━━━━━━━━━━━━━━━━━━━━━━━━━━━━━━━━━━━━━━━━━━━━━━━━━━━━━━━
cycle 351 FALSE-BLIND (lock /tmp/hhe1805-basehome/state/.watch.lock.owner.MSINrk held throughout):
●━━━━━━━━━━━━━━━━━━━━━━━━━━━━━━━━━━━━━━━━━━━━━━━━━━━━━━━━━━━━━━━━━━━━━━━
●  TURN WOULD END BLIND - SUPERVISION IS OFF
●  1 task(s) in flight, but no live watcher holds this home lock (last beat: 433s ago).
●  watcher supervision needs Stop-owned automatic recovery; inspect the hook registration and startup status before ending the turn.
●━━━━━━━━━━━━━━━━━━━━━━━━━━━━━━━━━━━━━━━━━━━━━━━━━━━━━━━━━━━━━━━━━━━━━━━
cycle 352 FALSE-BLIND (lock /tmp/hhe1805-basehome/state/.watch.lock.owner.MSINrk held throughout):
●━━━━━━━━━━━━━━━━━━━━━━━━━━━━━━━━━━━━━━━━━━━━━━━━━━━━━━━━━━━━━━━━━━━━━━━
●  TURN WOULD END BLIND - SUPERVISION IS OFF
●  1 task(s) in flight, but no live watcher holds this home lock (last beat: 435s ago).
●  watcher supervision needs Stop-owned automatic recovery; inspect the hook registration and startup status before ending the turn.
●━━━━━━━━━━━━━━━━━━━━━━━━━━━━━━━━━━━━━━━━━━━━━━━━━━━━━━━━━━━━━━━━━━━━━━━
cycle 353 FALSE-BLIND (lock /tmp/hhe1805-basehome/state/.watch.lock.owner.MSINrk held throughout):
●━━━━━━━━━━━━━━━━━━━━━━━━━━━━━━━━━━━━━━━━━━━━━━━━━━━━━━━━━━━━━━━━━━━━━━━
●  TURN WOULD END BLIND - SUPERVISION IS OFF
●  1 task(s) in flight, but no live watcher holds this home lock (last beat: 436s ago).
●  watcher supervision needs Stop-owned automatic recovery; inspect the hook registration and startup status before ending the turn.
●━━━━━━━━━━━━━━━━━━━━━━━━━━━━━━━━━━━━━━━━━━━━━━━━━━━━━━━━━━━━━━━━━━━━━━━
cycle 354 FALSE-BLIND (lock /tmp/hhe1805-basehome/state/.watch.lock.owner.MSINrk held throughout):
●━━━━━━━━━━━━━━━━━━━━━━━━━━━━━━━━━━━━━━━━━━━━━━━━━━━━━━━━━━━━━━━━━━━━━━━
●  TURN WOULD END BLIND - SUPERVISION IS OFF
●  1 task(s) in flight, but no live watcher holds this home lock (last beat: 437s ago).
●  watcher supervision needs Stop-owned automatic recovery; inspect the hook registration and startup status before ending the turn.
●━━━━━━━━━━━━━━━━━━━━━━━━━━━━━━━━━━━━━━━━━━━━━━━━━━━━━━━━━━━━━━━━━━━━━━━
cycle 355 FALSE-BLIND (lock /tmp/hhe1805-basehome/state/.watch.lock.owner.MSINrk held throughout):
●━━━━━━━━━━━━━━━━━━━━━━━━━━━━━━━━━━━━━━━━━━━━━━━━━━━━━━━━━━━━━━━━━━━━━━━
●  TURN WOULD END BLIND - SUPERVISION IS OFF
●  1 task(s) in flight, but no live watcher holds this home lock (last beat: 439s ago).
●  watcher supervision needs Stop-owned automatic recovery; inspect the hook registration and startup status before ending the turn.
●━━━━━━━━━━━━━━━━━━━━━━━━━━━━━━━━━━━━━━━━━━━━━━━━━━━━━━━━━━━━━━━━━━━━━━━
cycle 356 FALSE-BLIND (lock /tmp/hhe1805-basehome/state/.watch.lock.owner.MSINrk held throughout):
●━━━━━━━━━━━━━━━━━━━━━━━━━━━━━━━━━━━━━━━━━━━━━━━━━━━━━━━━━━━━━━━━━━━━━━━
●  TURN WOULD END BLIND - SUPERVISION IS OFF
●  1 task(s) in flight, but no live watcher holds this home lock (last beat: 440s ago).
●  watcher supervision needs Stop-owned automatic recovery; inspect the hook registration and startup status before ending the turn.
●━━━━━━━━━━━━━━━━━━━━━━━━━━━━━━━━━━━━━━━━━━━━━━━━━━━━━━━━━━━━━━━━━━━━━━━
cycle 357 FALSE-BLIND (lock /tmp/hhe1805-basehome/state/.watch.lock.owner.MSINrk held throughout):
●━━━━━━━━━━━━━━━━━━━━━━━━━━━━━━━━━━━━━━━━━━━━━━━━━━━━━━━━━━━━━━━━━━━━━━━
●  TURN WOULD END BLIND - SUPERVISION IS OFF
●  1 task(s) in flight, but no live watcher holds this home lock (last beat: 441s ago).
●  watcher supervision needs Stop-owned automatic recovery; inspect the hook registration and startup status before ending the turn.
●━━━━━━━━━━━━━━━━━━━━━━━━━━━━━━━━━━━━━━━━━━━━━━━━━━━━━━━━━━━━━━━━━━━━━━━
cycle 358 FALSE-BLIND (lock /tmp/hhe1805-basehome/state/.watch.lock.owner.MSINrk held throughout):
●━━━━━━━━━━━━━━━━━━━━━━━━━━━━━━━━━━━━━━━━━━━━━━━━━━━━━━━━━━━━━━━━━━━━━━━
●  TURN WOULD END BLIND - SUPERVISION IS OFF
●  1 task(s) in flight, but no live watcher holds this home lock (last beat: 442s ago).
●  watcher supervision needs Stop-owned automatic recovery; inspect the hook registration and startup status before ending the turn.
●━━━━━━━━━━━━━━━━━━━━━━━━━━━━━━━━━━━━━━━━━━━━━━━━━━━━━━━━━━━━━━━━━━━━━━━
cycle 359 FALSE-BLIND (lock /tmp/hhe1805-basehome/state/.watch.lock.owner.MSINrk held throughout):
●━━━━━━━━━━━━━━━━━━━━━━━━━━━━━━━━━━━━━━━━━━━━━━━━━━━━━━━━━━━━━━━━━━━━━━━
●  TURN WOULD END BLIND - SUPERVISION IS OFF
●  1 task(s) in flight, but no live watcher holds this home lock (last beat: 444s ago).
●  watcher supervision needs Stop-owned automatic recovery; inspect the hook registration and startup status before ending the turn.
●━━━━━━━━━━━━━━━━━━━━━━━━━━━━━━━━━━━━━━━━━━━━━━━━━━━━━━━━━━━━━━━━━━━━━━━
cycle 360 FALSE-BLIND (lock /tmp/hhe1805-basehome/state/.watch.lock.owner.MSINrk held throughout):
●━━━━━━━━━━━━━━━━━━━━━━━━━━━━━━━━━━━━━━━━━━━━━━━━━━━━━━━━━━━━━━━━━━━━━━━
●  TURN WOULD END BLIND - SUPERVISION IS OFF
●  1 task(s) in flight, but no live watcher holds this home lock (last beat: 445s ago).
●  watcher supervision needs Stop-owned automatic recovery; inspect the hook registration and startup status before ending the turn.
●━━━━━━━━━━━━━━━━━━━━━━━━━━━━━━━━━━━━━━━━━━━━━━━━━━━━━━━━━━━━━━━━━━━━━━━
cycle 361 FALSE-BLIND (lock /tmp/hhe1805-basehome/state/.watch.lock.owner.MSINrk held throughout):
●━━━━━━━━━━━━━━━━━━━━━━━━━━━━━━━━━━━━━━━━━━━━━━━━━━━━━━━━━━━━━━━━━━━━━━━
●  TURN WOULD END BLIND - SUPERVISION IS OFF
●  1 task(s) in flight, but no live watcher holds this home lock (last beat: 446s ago).
●  watcher supervision needs Stop-owned automatic recovery; inspect the hook registration and startup status before ending the turn.
●━━━━━━━━━━━━━━━━━━━━━━━━━━━━━━━━━━━━━━━━━━━━━━━━━━━━━━━━━━━━━━━━━━━━━━━
cycle 362 FALSE-BLIND (lock /tmp/hhe1805-basehome/state/.watch.lock.owner.MSINrk held throughout):
●━━━━━━━━━━━━━━━━━━━━━━━━━━━━━━━━━━━━━━━━━━━━━━━━━━━━━━━━━━━━━━━━━━━━━━━
●  TURN WOULD END BLIND - SUPERVISION IS OFF
●  1 task(s) in flight, but no live watcher holds this home lock (last beat: 447s ago).
●  watcher supervision needs Stop-owned automatic recovery; inspect the hook registration and startup status before ending the turn.
●━━━━━━━━━━━━━━━━━━━━━━━━━━━━━━━━━━━━━━━━━━━━━━━━━━━━━━━━━━━━━━━━━━━━━━━
cycle 363 FALSE-BLIND (lock /tmp/hhe1805-basehome/state/.watch.lock.owner.MSINrk held throughout):
●━━━━━━━━━━━━━━━━━━━━━━━━━━━━━━━━━━━━━━━━━━━━━━━━━━━━━━━━━━━━━━━━━━━━━━━
●  TURN WOULD END BLIND - SUPERVISION IS OFF
●  1 task(s) in flight, but no live watcher holds this home lock (last beat: 448s ago).
●  watcher supervision needs Stop-owned automatic recovery; inspect the hook registration and startup status before ending the turn.
●━━━━━━━━━━━━━━━━━━━━━━━━━━━━━━━━━━━━━━━━━━━━━━━━━━━━━━━━━━━━━━━━━━━━━━━
cycle 364 FALSE-BLIND (lock /tmp/hhe1805-basehome/state/.watch.lock.owner.MSINrk held throughout):
●━━━━━━━━━━━━━━━━━━━━━━━━━━━━━━━━━━━━━━━━━━━━━━━━━━━━━━━━━━━━━━━━━━━━━━━
●  TURN WOULD END BLIND - SUPERVISION IS OFF
●  1 task(s) in flight, but no live watcher holds this home lock (last beat: 450s ago).
●  watcher supervision needs Stop-owned automatic recovery; inspect the hook registration and startup status before ending the turn.
●━━━━━━━━━━━━━━━━━━━━━━━━━━━━━━━━━━━━━━━━━━━━━━━━━━━━━━━━━━━━━━━━━━━━━━━
cycle 365 FALSE-BLIND (lock /tmp/hhe1805-basehome/state/.watch.lock.owner.MSINrk held throughout):
●━━━━━━━━━━━━━━━━━━━━━━━━━━━━━━━━━━━━━━━━━━━━━━━━━━━━━━━━━━━━━━━━━━━━━━━
●  TURN WOULD END BLIND - SUPERVISION IS OFF
●  1 task(s) in flight, but no live watcher holds this home lock (last beat: 451s ago).
●  watcher supervision needs Stop-owned automatic recovery; inspect the hook registration and startup status before ending the turn.
●━━━━━━━━━━━━━━━━━━━━━━━━━━━━━━━━━━━━━━━━━━━━━━━━━━━━━━━━━━━━━━━━━━━━━━━
cycle 366 FALSE-BLIND (lock /tmp/hhe1805-basehome/state/.watch.lock.owner.MSINrk held throughout):
●━━━━━━━━━━━━━━━━━━━━━━━━━━━━━━━━━━━━━━━━━━━━━━━━━━━━━━━━━━━━━━━━━━━━━━━
●  TURN WOULD END BLIND - SUPERVISION IS OFF
●  1 task(s) in flight, but no live watcher holds this home lock (last beat: 452s ago).
●  watcher supervision needs Stop-owned automatic recovery; inspect the hook registration and startup status before ending the turn.
●━━━━━━━━━━━━━━━━━━━━━━━━━━━━━━━━━━━━━━━━━━━━━━━━━━━━━━━━━━━━━━━━━━━━━━━
cycle 367 FALSE-BLIND (lock /tmp/hhe1805-basehome/state/.watch.lock.owner.MSINrk held throughout):
●━━━━━━━━━━━━━━━━━━━━━━━━━━━━━━━━━━━━━━━━━━━━━━━━━━━━━━━━━━━━━━━━━━━━━━━
●  TURN WOULD END BLIND - SUPERVISION IS OFF
●  1 task(s) in flight, but no live watcher holds this home lock (last beat: 453s ago).
●  watcher supervision needs Stop-owned automatic recovery; inspect the hook registration and startup status before ending the turn.
●━━━━━━━━━━━━━━━━━━━━━━━━━━━━━━━━━━━━━━━━━━━━━━━━━━━━━━━━━━━━━━━━━━━━━━━
cycle 368 FALSE-BLIND (lock /tmp/hhe1805-basehome/state/.watch.lock.owner.MSINrk held throughout):
●━━━━━━━━━━━━━━━━━━━━━━━━━━━━━━━━━━━━━━━━━━━━━━━━━━━━━━━━━━━━━━━━━━━━━━━
●  TURN WOULD END BLIND - SUPERVISION IS OFF
●  1 task(s) in flight, but no live watcher holds this home lock (last beat: 454s ago).
●  watcher supervision needs Stop-owned automatic recovery; inspect the hook registration and startup status before ending the turn.
●━━━━━━━━━━━━━━━━━━━━━━━━━━━━━━━━━━━━━━━━━━━━━━━━━━━━━━━━━━━━━━━━━━━━━━━
cycle 369 FALSE-BLIND (lock /tmp/hhe1805-basehome/state/.watch.lock.owner.MSINrk held throughout):
●━━━━━━━━━━━━━━━━━━━━━━━━━━━━━━━━━━━━━━━━━━━━━━━━━━━━━━━━━━━━━━━━━━━━━━━
●  TURN WOULD END BLIND - SUPERVISION IS OFF
●  1 task(s) in flight, but no live watcher holds this home lock (last beat: 456s ago).
●  watcher supervision needs Stop-owned automatic recovery; inspect the hook registration and startup status before ending the turn.
●━━━━━━━━━━━━━━━━━━━━━━━━━━━━━━━━━━━━━━━━━━━━━━━━━━━━━━━━━━━━━━━━━━━━━━━
cycle 370 FALSE-BLIND (lock /tmp/hhe1805-basehome/state/.watch.lock.owner.MSINrk held throughout):
●━━━━━━━━━━━━━━━━━━━━━━━━━━━━━━━━━━━━━━━━━━━━━━━━━━━━━━━━━━━━━━━━━━━━━━━
●  TURN WOULD END BLIND - SUPERVISION IS OFF
●  1 task(s) in flight, but no live watcher holds this home lock (last beat: 457s ago).
●  watcher supervision needs Stop-owned automatic recovery; inspect the hook registration and startup status before ending the turn.
●━━━━━━━━━━━━━━━━━━━━━━━━━━━━━━━━━━━━━━━━━━━━━━━━━━━━━━━━━━━━━━━━━━━━━━━
cycle 371 FALSE-BLIND (lock /tmp/hhe1805-basehome/state/.watch.lock.owner.MSINrk held throughout):
●━━━━━━━━━━━━━━━━━━━━━━━━━━━━━━━━━━━━━━━━━━━━━━━━━━━━━━━━━━━━━━━━━━━━━━━
●  TURN WOULD END BLIND - SUPERVISION IS OFF
●  1 task(s) in flight, but no live watcher holds this home lock (last beat: 458s ago).
●  watcher supervision needs Stop-owned automatic recovery; inspect the hook registration and startup status before ending the turn.
●━━━━━━━━━━━━━━━━━━━━━━━━━━━━━━━━━━━━━━━━━━━━━━━━━━━━━━━━━━━━━━━━━━━━━━━
cycle 372 FALSE-BLIND (lock /tmp/hhe1805-basehome/state/.watch.lock.owner.MSINrk held throughout):
●━━━━━━━━━━━━━━━━━━━━━━━━━━━━━━━━━━━━━━━━━━━━━━━━━━━━━━━━━━━━━━━━━━━━━━━
●  TURN WOULD END BLIND - SUPERVISION IS OFF
●  1 task(s) in flight, but no live watcher holds this home lock (last beat: 459s ago).
●  watcher supervision needs Stop-owned automatic recovery; inspect the hook registration and startup status before ending the turn.
●━━━━━━━━━━━━━━━━━━━━━━━━━━━━━━━━━━━━━━━━━━━━━━━━━━━━━━━━━━━━━━━━━━━━━━━
cycle 373 FALSE-BLIND (lock /tmp/hhe1805-basehome/state/.watch.lock.owner.MSINrk held throughout):
●━━━━━━━━━━━━━━━━━━━━━━━━━━━━━━━━━━━━━━━━━━━━━━━━━━━━━━━━━━━━━━━━━━━━━━━
●  TURN WOULD END BLIND - SUPERVISION IS OFF
●  1 task(s) in flight, but no live watcher holds this home lock (last beat: 460s ago).
●  watcher supervision needs Stop-owned automatic recovery; inspect the hook registration and startup status before ending the turn.
●━━━━━━━━━━━━━━━━━━━━━━━━━━━━━━━━━━━━━━━━━━━━━━━━━━━━━━━━━━━━━━━━━━━━━━━
cycle 374 FALSE-BLIND (lock /tmp/hhe1805-basehome/state/.watch.lock.owner.MSINrk held throughout):
●━━━━━━━━━━━━━━━━━━━━━━━━━━━━━━━━━━━━━━━━━━━━━━━━━━━━━━━━━━━━━━━━━━━━━━━
●  TURN WOULD END BLIND - SUPERVISION IS OFF
●  1 task(s) in flight, but no live watcher holds this home lock (last beat: 462s ago).
●  watcher supervision needs Stop-owned automatic recovery; inspect the hook registration and startup status before ending the turn.
●━━━━━━━━━━━━━━━━━━━━━━━━━━━━━━━━━━━━━━━━━━━━━━━━━━━━━━━━━━━━━━━━━━━━━━━
cycle 375 FALSE-BLIND (lock /tmp/hhe1805-basehome/state/.watch.lock.owner.MSINrk held throughout):
●━━━━━━━━━━━━━━━━━━━━━━━━━━━━━━━━━━━━━━━━━━━━━━━━━━━━━━━━━━━━━━━━━━━━━━━
●  TURN WOULD END BLIND - SUPERVISION IS OFF
●  1 task(s) in flight, but no live watcher holds this home lock (last beat: 463s ago).
●  watcher supervision needs Stop-owned automatic recovery; inspect the hook registration and startup status before ending the turn.
●━━━━━━━━━━━━━━━━━━━━━━━━━━━━━━━━━━━━━━━━━━━━━━━━━━━━━━━━━━━━━━━━━━━━━━━
cycle 376 FALSE-BLIND (lock /tmp/hhe1805-basehome/state/.watch.lock.owner.MSINrk held throughout):
●━━━━━━━━━━━━━━━━━━━━━━━━━━━━━━━━━━━━━━━━━━━━━━━━━━━━━━━━━━━━━━━━━━━━━━━
●  TURN WOULD END BLIND - SUPERVISION IS OFF
●  1 task(s) in flight, but no live watcher holds this home lock (last beat: 464s ago).
●  watcher supervision needs Stop-owned automatic recovery; inspect the hook registration and startup status before ending the turn.
●━━━━━━━━━━━━━━━━━━━━━━━━━━━━━━━━━━━━━━━━━━━━━━━━━━━━━━━━━━━━━━━━━━━━━━━
cycle 377 FALSE-BLIND (lock /tmp/hhe1805-basehome/state/.watch.lock.owner.MSINrk held throughout):
●━━━━━━━━━━━━━━━━━━━━━━━━━━━━━━━━━━━━━━━━━━━━━━━━━━━━━━━━━━━━━━━━━━━━━━━
●  TURN WOULD END BLIND - SUPERVISION IS OFF
●  1 task(s) in flight, but no live watcher holds this home lock (last beat: 465s ago).
●  watcher supervision needs Stop-owned automatic recovery; inspect the hook registration and startup status before ending the turn.
●━━━━━━━━━━━━━━━━━━━━━━━━━━━━━━━━━━━━━━━━━━━━━━━━━━━━━━━━━━━━━━━━━━━━━━━
cycle 378 FALSE-BLIND (lock /tmp/hhe1805-basehome/state/.watch.lock.owner.MSINrk held throughout):
●━━━━━━━━━━━━━━━━━━━━━━━━━━━━━━━━━━━━━━━━━━━━━━━━━━━━━━━━━━━━━━━━━━━━━━━
●  TURN WOULD END BLIND - SUPERVISION IS OFF
●  1 task(s) in flight, but no live watcher holds this home lock (last beat: 467s ago).
●  watcher supervision needs Stop-owned automatic recovery; inspect the hook registration and startup status before ending the turn.
●━━━━━━━━━━━━━━━━━━━━━━━━━━━━━━━━━━━━━━━━━━━━━━━━━━━━━━━━━━━━━━━━━━━━━━━
cycle 379 FALSE-BLIND (lock /tmp/hhe1805-basehome/state/.watch.lock.owner.MSINrk held throughout):
●━━━━━━━━━━━━━━━━━━━━━━━━━━━━━━━━━━━━━━━━━━━━━━━━━━━━━━━━━━━━━━━━━━━━━━━
●  TURN WOULD END BLIND - SUPERVISION IS OFF
●  1 task(s) in flight, but no live watcher holds this home lock (last beat: 468s ago).
●  watcher supervision needs Stop-owned automatic recovery; inspect the hook registration and startup status before ending the turn.
●━━━━━━━━━━━━━━━━━━━━━━━━━━━━━━━━━━━━━━━━━━━━━━━━━━━━━━━━━━━━━━━━━━━━━━━
cycle 380 FALSE-BLIND (lock /tmp/hhe1805-basehome/state/.watch.lock.owner.MSINrk held throughout):
●━━━━━━━━━━━━━━━━━━━━━━━━━━━━━━━━━━━━━━━━━━━━━━━━━━━━━━━━━━━━━━━━━━━━━━━
●  TURN WOULD END BLIND - SUPERVISION IS OFF
●  1 task(s) in flight, but no live watcher holds this home lock (last beat: 469s ago).
●  watcher supervision needs Stop-owned automatic recovery; inspect the hook registration and startup status before ending the turn.
●━━━━━━━━━━━━━━━━━━━━━━━━━━━━━━━━━━━━━━━━━━━━━━━━━━━━━━━━━━━━━━━━━━━━━━━
cycle 381 FALSE-BLIND (lock /tmp/hhe1805-basehome/state/.watch.lock.owner.MSINrk held throughout):
●━━━━━━━━━━━━━━━━━━━━━━━━━━━━━━━━━━━━━━━━━━━━━━━━━━━━━━━━━━━━━━━━━━━━━━━
●  TURN WOULD END BLIND - SUPERVISION IS OFF
●  1 task(s) in flight, but no live watcher holds this home lock (last beat: 471s ago).
●  watcher supervision needs Stop-owned automatic recovery; inspect the hook registration and startup status before ending the turn.
●━━━━━━━━━━━━━━━━━━━━━━━━━━━━━━━━━━━━━━━━━━━━━━━━━━━━━━━━━━━━━━━━━━━━━━━
cycle 382 FALSE-BLIND (lock /tmp/hhe1805-basehome/state/.watch.lock.owner.MSINrk held throughout):
●━━━━━━━━━━━━━━━━━━━━━━━━━━━━━━━━━━━━━━━━━━━━━━━━━━━━━━━━━━━━━━━━━━━━━━━
●  TURN WOULD END BLIND - SUPERVISION IS OFF
●  1 task(s) in flight, but no live watcher holds this home lock (last beat: 472s ago).
●  watcher supervision needs Stop-owned automatic recovery; inspect the hook registration and startup status before ending the turn.
●━━━━━━━━━━━━━━━━━━━━━━━━━━━━━━━━━━━━━━━━━━━━━━━━━━━━━━━━━━━━━━━━━━━━━━━
cycle 383 FALSE-BLIND (lock /tmp/hhe1805-basehome/state/.watch.lock.owner.MSINrk held throughout):
●━━━━━━━━━━━━━━━━━━━━━━━━━━━━━━━━━━━━━━━━━━━━━━━━━━━━━━━━━━━━━━━━━━━━━━━
●  TURN WOULD END BLIND - SUPERVISION IS OFF
●  1 task(s) in flight, but no live watcher holds this home lock (last beat: 473s ago).
●  watcher supervision needs Stop-owned automatic recovery; inspect the hook registration and startup status before ending the turn.
●━━━━━━━━━━━━━━━━━━━━━━━━━━━━━━━━━━━━━━━━━━━━━━━━━━━━━━━━━━━━━━━━━━━━━━━
cycle 384 FALSE-BLIND (lock /tmp/hhe1805-basehome/state/.watch.lock.owner.MSINrk held throughout):
●━━━━━━━━━━━━━━━━━━━━━━━━━━━━━━━━━━━━━━━━━━━━━━━━━━━━━━━━━━━━━━━━━━━━━━━
●  TURN WOULD END BLIND - SUPERVISION IS OFF
●  1 task(s) in flight, but no live watcher holds this home lock (last beat: 474s ago).
●  watcher supervision needs Stop-owned automatic recovery; inspect the hook registration and startup status before ending the turn.
●━━━━━━━━━━━━━━━━━━━━━━━━━━━━━━━━━━━━━━━━━━━━━━━━━━━━━━━━━━━━━━━━━━━━━━━
cycle 385 FALSE-BLIND (lock /tmp/hhe1805-basehome/state/.watch.lock.owner.MSINrk held throughout):
●━━━━━━━━━━━━━━━━━━━━━━━━━━━━━━━━━━━━━━━━━━━━━━━━━━━━━━━━━━━━━━━━━━━━━━━
●  TURN WOULD END BLIND - SUPERVISION IS OFF
●  1 task(s) in flight, but no live watcher holds this home lock (last beat: 476s ago).
●  watcher supervision needs Stop-owned automatic recovery; inspect the hook registration and startup status before ending the turn.
●━━━━━━━━━━━━━━━━━━━━━━━━━━━━━━━━━━━━━━━━━━━━━━━━━━━━━━━━━━━━━━━━━━━━━━━
cycle 386 FALSE-BLIND (lock /tmp/hhe1805-basehome/state/.watch.lock.owner.MSINrk held throughout):
●━━━━━━━━━━━━━━━━━━━━━━━━━━━━━━━━━━━━━━━━━━━━━━━━━━━━━━━━━━━━━━━━━━━━━━━
●  TURN WOULD END BLIND - SUPERVISION IS OFF
●  1 task(s) in flight, but no live watcher holds this home lock (last beat: 477s ago).
●  watcher supervision needs Stop-owned automatic recovery; inspect the hook registration and startup status before ending the turn.
●━━━━━━━━━━━━━━━━━━━━━━━━━━━━━━━━━━━━━━━━━━━━━━━━━━━━━━━━━━━━━━━━━━━━━━━
cycle 387 FALSE-BLIND (lock /tmp/hhe1805-basehome/state/.watch.lock.owner.MSINrk held throughout):
●━━━━━━━━━━━━━━━━━━━━━━━━━━━━━━━━━━━━━━━━━━━━━━━━━━━━━━━━━━━━━━━━━━━━━━━
●  TURN WOULD END BLIND - SUPERVISION IS OFF
●  1 task(s) in flight, but no live watcher holds this home lock (last beat: 478s ago).
●  watcher supervision needs Stop-owned automatic recovery; inspect the hook registration and startup status before ending the turn.
●━━━━━━━━━━━━━━━━━━━━━━━━━━━━━━━━━━━━━━━━━━━━━━━━━━━━━━━━━━━━━━━━━━━━━━━
cycle 388 FALSE-BLIND (lock /tmp/hhe1805-basehome/state/.watch.lock.owner.MSINrk held throughout):
●━━━━━━━━━━━━━━━━━━━━━━━━━━━━━━━━━━━━━━━━━━━━━━━━━━━━━━━━━━━━━━━━━━━━━━━
●  TURN WOULD END BLIND - SUPERVISION IS OFF
●  1 task(s) in flight, but no live watcher holds this home lock (last beat: 479s ago).
●  watcher supervision needs Stop-owned automatic recovery; inspect the hook registration and startup status before ending the turn.
●━━━━━━━━━━━━━━━━━━━━━━━━━━━━━━━━━━━━━━━━━━━━━━━━━━━━━━━━━━━━━━━━━━━━━━━
cycle 389 FALSE-BLIND (lock /tmp/hhe1805-basehome/state/.watch.lock.owner.MSINrk held throughout):
●━━━━━━━━━━━━━━━━━━━━━━━━━━━━━━━━━━━━━━━━━━━━━━━━━━━━━━━━━━━━━━━━━━━━━━━
●  TURN WOULD END BLIND - SUPERVISION IS OFF
●  1 task(s) in flight, but no live watcher holds this home lock (last beat: 481s ago).
●  watcher supervision needs Stop-owned automatic recovery; inspect the hook registration and startup status before ending the turn.
●━━━━━━━━━━━━━━━━━━━━━━━━━━━━━━━━━━━━━━━━━━━━━━━━━━━━━━━━━━━━━━━━━━━━━━━
cycle 390 FALSE-BLIND (lock /tmp/hhe1805-basehome/state/.watch.lock.owner.MSINrk held throughout):
●━━━━━━━━━━━━━━━━━━━━━━━━━━━━━━━━━━━━━━━━━━━━━━━━━━━━━━━━━━━━━━━━━━━━━━━
●  TURN WOULD END BLIND - SUPERVISION IS OFF
●  1 task(s) in flight, but no live watcher holds this home lock (last beat: 482s ago).
●  watcher supervision needs Stop-owned automatic recovery; inspect the hook registration and startup status before ending the turn.
●━━━━━━━━━━━━━━━━━━━━━━━━━━━━━━━━━━━━━━━━━━━━━━━━━━━━━━━━━━━━━━━━━━━━━━━
cycle 391 FALSE-BLIND (lock /tmp/hhe1805-basehome/state/.watch.lock.owner.MSINrk held throughout):
●━━━━━━━━━━━━━━━━━━━━━━━━━━━━━━━━━━━━━━━━━━━━━━━━━━━━━━━━━━━━━━━━━━━━━━━
●  TURN WOULD END BLIND - SUPERVISION IS OFF
●  1 task(s) in flight, but no live watcher holds this home lock (last beat: 483s ago).
●  watcher supervision needs Stop-owned automatic recovery; inspect the hook registration and startup status before ending the turn.
●━━━━━━━━━━━━━━━━━━━━━━━━━━━━━━━━━━━━━━━━━━━━━━━━━━━━━━━━━━━━━━━━━━━━━━━
cycle 392 FALSE-BLIND (lock /tmp/hhe1805-basehome/state/.watch.lock.owner.MSINrk held throughout):
●━━━━━━━━━━━━━━━━━━━━━━━━━━━━━━━━━━━━━━━━━━━━━━━━━━━━━━━━━━━━━━━━━━━━━━━
●  TURN WOULD END BLIND - SUPERVISION IS OFF
●  1 task(s) in flight, but no live watcher holds this home lock (last beat: 485s ago).
●  watcher supervision needs Stop-owned automatic recovery; inspect the hook registration and startup status before ending the turn.
●━━━━━━━━━━━━━━━━━━━━━━━━━━━━━━━━━━━━━━━━━━━━━━━━━━━━━━━━━━━━━━━━━━━━━━━
cycle 393 FALSE-BLIND (lock /tmp/hhe1805-basehome/state/.watch.lock.owner.MSINrk held throughout):
●━━━━━━━━━━━━━━━━━━━━━━━━━━━━━━━━━━━━━━━━━━━━━━━━━━━━━━━━━━━━━━━━━━━━━━━
●  TURN WOULD END BLIND - SUPERVISION IS OFF
●  1 task(s) in flight, but no live watcher holds this home lock (last beat: 486s ago).
●  watcher supervision needs Stop-owned automatic recovery; inspect the hook registration and startup status before ending the turn.
●━━━━━━━━━━━━━━━━━━━━━━━━━━━━━━━━━━━━━━━━━━━━━━━━━━━━━━━━━━━━━━━━━━━━━━━
cycle 394 FALSE-BLIND (lock /tmp/hhe1805-basehome/state/.watch.lock.owner.MSINrk held throughout):
●━━━━━━━━━━━━━━━━━━━━━━━━━━━━━━━━━━━━━━━━━━━━━━━━━━━━━━━━━━━━━━━━━━━━━━━
●  TURN WOULD END BLIND - SUPERVISION IS OFF
●  1 task(s) in flight, but no live watcher holds this home lock (last beat: 487s ago).
●  watcher supervision needs Stop-owned automatic recovery; inspect the hook registration and startup status before ending the turn.
●━━━━━━━━━━━━━━━━━━━━━━━━━━━━━━━━━━━━━━━━━━━━━━━━━━━━━━━━━━━━━━━━━━━━━━━
cycle 395 FALSE-BLIND (lock /tmp/hhe1805-basehome/state/.watch.lock.owner.MSINrk held throughout):
●━━━━━━━━━━━━━━━━━━━━━━━━━━━━━━━━━━━━━━━━━━━━━━━━━━━━━━━━━━━━━━━━━━━━━━━
●  TURN WOULD END BLIND - SUPERVISION IS OFF
●  1 task(s) in flight, but no live watcher holds this home lock (last beat: 488s ago).
●  watcher supervision needs Stop-owned automatic recovery; inspect the hook registration and startup status before ending the turn.
●━━━━━━━━━━━━━━━━━━━━━━━━━━━━━━━━━━━━━━━━━━━━━━━━━━━━━━━━━━━━━━━━━━━━━━━
cycle 396 FALSE-BLIND (lock /tmp/hhe1805-basehome/state/.watch.lock.owner.MSINrk held throughout):
●━━━━━━━━━━━━━━━━━━━━━━━━━━━━━━━━━━━━━━━━━━━━━━━━━━━━━━━━━━━━━━━━━━━━━━━
●  TURN WOULD END BLIND - SUPERVISION IS OFF
●  1 task(s) in flight, but no live watcher holds this home lock (last beat: 490s ago).
●  watcher supervision needs Stop-owned automatic recovery; inspect the hook registration and startup status before ending the turn.
●━━━━━━━━━━━━━━━━━━━━━━━━━━━━━━━━━━━━━━━━━━━━━━━━━━━━━━━━━━━━━━━━━━━━━━━
cycle 397 FALSE-BLIND (lock /tmp/hhe1805-basehome/state/.watch.lock.owner.MSINrk held throughout):
●━━━━━━━━━━━━━━━━━━━━━━━━━━━━━━━━━━━━━━━━━━━━━━━━━━━━━━━━━━━━━━━━━━━━━━━
●  TURN WOULD END BLIND - SUPERVISION IS OFF
●  1 task(s) in flight, but no live watcher holds this home lock (last beat: 491s ago).
●  watcher supervision needs Stop-owned automatic recovery; inspect the hook registration and startup status before ending the turn.
●━━━━━━━━━━━━━━━━━━━━━━━━━━━━━━━━━━━━━━━━━━━━━━━━━━━━━━━━━━━━━━━━━━━━━━━
cycle 398 FALSE-BLIND (lock /tmp/hhe1805-basehome/state/.watch.lock.owner.MSINrk held throughout):
●━━━━━━━━━━━━━━━━━━━━━━━━━━━━━━━━━━━━━━━━━━━━━━━━━━━━━━━━━━━━━━━━━━━━━━━
●  TURN WOULD END BLIND - SUPERVISION IS OFF
●  1 task(s) in flight, but no live watcher holds this home lock (last beat: 492s ago).
●  watcher supervision needs Stop-owned automatic recovery; inspect the hook registration and startup status before ending the turn.
●━━━━━━━━━━━━━━━━━━━━━━━━━━━━━━━━━━━━━━━━━━━━━━━━━━━━━━━━━━━━━━━━━━━━━━━
cycle 399 FALSE-BLIND (lock /tmp/hhe1805-basehome/state/.watch.lock.owner.MSINrk held throughout):
●━━━━━━━━━━━━━━━━━━━━━━━━━━━━━━━━━━━━━━━━━━━━━━━━━━━━━━━━━━━━━━━━━━━━━━━
●  TURN WOULD END BLIND - SUPERVISION IS OFF
●  1 task(s) in flight, but no live watcher holds this home lock (last beat: 493s ago).
●  watcher supervision needs Stop-owned automatic recovery; inspect the hook registration and startup status before ending the turn.
●━━━━━━━━━━━━━━━━━━━━━━━━━━━━━━━━━━━━━━━━━━━━━━━━━━━━━━━━━━━━━━━━━━━━━━━
cycle 400 FALSE-BLIND (lock /tmp/hhe1805-basehome/state/.watch.lock.owner.MSINrk held throughout):
●━━━━━━━━━━━━━━━━━━━━━━━━━━━━━━━━━━━━━━━━━━━━━━━━━━━━━━━━━━━━━━━━━━━━━━━
●  TURN WOULD END BLIND - SUPERVISION IS OFF
●  1 task(s) in flight, but no live watcher holds this home lock (last beat: 495s ago).
●  watcher supervision needs Stop-owned automatic recovery; inspect the hook registration and startup status before ending the turn.
●━━━━━━━━━━━━━━━━━━━━━━━━━━━━━━━━━━━━━━━━━━━━━━━━━━━━━━━━━━━━━━━━━━━━━━━
watcher restarts performed=127
hook evaluations=400 allowed=0 blocked-during-genuine-gap=1 blocked-while-lock-held-throughout(FALSE-BLIND)=399 other=0 evaluations-with-lock-held-throughout=399
watcher stdout/stderr (uniq):
